year,month,day,decimal,average,error,ndays
1974,5,19,1974.3795,333.34,8.3335,6
1974,5,26,1974.3986,332.95,8.32375,6
1974,6,2,1974.4178,332.32,8.308,5
1974,6,9,1974.437,332.18,8.3045,7
1974,6,16,1974.4562,332.37,8.30925,7
1974,6,23,1974.4753,331.59,8.28975,6
1974,6,30,1974.4945,331.68,8.292,6
1974,7,7,1974.5137,331.44,8.286,6
1974,7,14,1974.5329,330.85,8.27125,5
1974,7,21,1974.5521,330.76,8.269,7
1974,7,28,1974.5712,329.8,8.245,4
1974,8,4,1974.5904,329.85,8.24625,5
1974,8,11,1974.6096,329.05,8.22625,6
1974,8,18,1974.6288,329.06,8.2265,6
1974,8,25,1974.6479,328.33,8.20825,7
1974,9,1,1974.6671,328.05,8.20125,5
1974,9,8,1974.6863,327.57,8.18925,4
1974,9,15,1974.7055,326.73,8.16825,6
1974,9,22,1974.7247,326.96,8.174,7
1974,9,29,1974.7438,327.31,8.18275,5
1974,10,6,1974.763,327.07,8.17675,6
1974,10,13,1974.7822,327.23,8.18075,5
1974,10,20,1974.8014,327.4,8.185,5
1974,10,27,1974.8205,327.64,8.191,7
1974,11,3,1974.8397,327.8,8.195,7
1974,11,10,1974.8589,328.5,8.2125,6
1974,11,17,1974.8781,328.56,8.214,7
1974,11,24,1974.8973,328.46,8.2115,5
1974,12,1,1974.9164,328.76,8.219,4
1974,12,8,1974.9356,329.39,8.23475,7
1974,12,15,1974.9548,329.77,8.24425,7
1974,12,22,1974.974,329.96,8.249,7
1974,12,29,1974.9932,330.38,8.2595,7
1975,1,5,1975.0123,330.43,8.26075,5
1975,1,12,1975.0315,330.59,8.26475,7
1975,1,19,1975.0507,330.8,8.27,7
1975,1,26,1975.0699,331.22,8.2805,7
1975,2,2,1975.089,331.64,8.291,6
1975,2,9,1975.1082,331.12,8.278,7
1975,2,16,1975.1274,331.41,8.28525,6
1975,2,23,1975.1466,331.96,8.299,7
1975,3,2,1975.1658,331.73,8.29325,3
1975,3,9,1975.1849,331.61,8.29025,5
1975,3,16,1975.2041,332.11,8.30275,5
1975,3,23,1975.2233,331.86,8.2965,4
1975,3,30,1975.2425,333.3,8.3325,5
1975,4,6,1975.2616,332.79,8.31975,5
1975,4,13,1975.2808,333.31,8.33275,4
1975,4,20,1975.3,333.39,8.33475,7
1975,4,27,1975.3192,333.49,8.33725,7
1975,5,4,1975.3384,333.94,8.3485,7
1975,5,11,1975.3575,334.25,8.35625,6
1975,5,18,1975.3767,333.45,8.33625,5
1975,5,25,1975.3959,334,8.35,7
1975,6,1,1975.4151,333.96,8.349,7
1975,6,8,1975.4342,333.32,8.333,5
1975,6,15,1975.4534,333.22,8.3305,7
1975,6,22,1975.4726,333.47,8.33675,6
1975,6,29,1975.4918,333.01,8.32525,6
1975,7,6,1975.511,332.32,8.308,6
1975,7,13,1975.5301,331.83,8.29575,5
1975,7,20,1975.5493,331.36,8.284,4
1975,7,27,1975.5685,331.21,8.28025,5
1975,8,3,1975.5877,331.01,8.27525,6
1975,8,10,1975.6068,330.38,8.2595,5
1975,8,17,1975.626,329.48,8.237,6
1975,8,24,1975.6452,328.73,8.21825,5
1975,8,31,1975.6644,329.24,8.231,6
1975,9,7,1975.6836,329.42,8.2355,3
1975,9,14,1975.7027,327.95,8.19875,7
1975,9,21,1975.7219,327.96,8.199,5
1975,9,28,1975.7411,327.97,8.19925,5
1975,10,5,1975.7603,-999.99,-24.99975,0
1975,10,12,1975.7795,328.35,8.20875,1
1975,10,19,1975.7986,328.63,8.21575,5
1975,10,26,1975.8178,328.8,8.22,5
1975,11,2,1975.837,329.03,8.22575,6
1975,11,9,1975.8562,329.01,8.22525,6
1975,11,16,1975.8753,329.25,8.23125,3
1975,11,23,1975.8945,330.18,8.2545,2
1975,11,30,1975.9137,329.72,8.243,1
1975,12,7,1975.9329,-999.99,-24.99975,0
1975,12,14,1975.9521,-999.99,-24.99975,0
1975,12,21,1975.9712,-999.99,-24.99975,0
1975,12,28,1975.9904,-999.99,-24.99975,0
1976,1,4,1976.0096,331.33,8.28325,3
1976,1,11,1976.0287,331.62,8.2905,6
1976,1,18,1976.0478,331.66,8.2915,6
1976,1,25,1976.0669,331.87,8.29675,5
1976,2,1,1976.0861,332.45,8.31125,5
1976,2,8,1976.1052,332.51,8.31275,5
1976,2,15,1976.1243,332.64,8.316,6
1976,2,22,1976.1434,333.49,8.33725,5
1976,2,29,1976.1626,332.43,8.31075,3
1976,3,7,1976.1817,332.99,8.32475,6
1976,3,14,1976.2008,333.56,8.339,6
1976,3,21,1976.2199,334.15,8.35375,3
1976,3,28,1976.2391,334.67,8.36675,6
1976,4,4,1976.2582,335.06,8.3765,4
1976,4,11,1976.2773,333.65,8.34125,2
1976,4,18,1976.2964,334.5,8.3625,5
1976,4,25,1976.3156,334.93,8.37325,6
1976,5,2,1976.3347,334.17,8.35425,4
1976,5,9,1976.3538,334.33,8.35825,6
1976,5,16,1976.373,335.29,8.38225,4
1976,5,23,1976.3921,335.38,8.3845,5
1976,5,30,1976.4112,334.43,8.36075,6
1976,6,6,1976.4303,334.25,8.35625,6
1976,6,13,1976.4495,334.18,8.3545,5
1976,6,20,1976.4686,334.02,8.3505,2
1976,6,27,1976.4877,-999.99,-24.99975,0
1976,7,4,1976.5068,333.59,8.33975,4
1976,7,11,1976.526,333.48,8.337,3
1976,7,18,1976.5451,332.41,8.31025,4
1976,7,25,1976.5642,332.24,8.306,5
1976,8,1,1976.5833,331.69,8.29225,5
1976,8,8,1976.6025,330.7,8.2675,6
1976,8,15,1976.6216,330.44,8.261,5
1976,8,22,1976.6407,330.23,8.25575,6
1976,8,29,1976.6598,330.43,8.26075,2
1976,9,5,1976.679,329.54,8.2385,2
1976,9,12,1976.6981,329.54,8.2385,2
1976,9,19,1976.7172,328.58,8.2145,6
1976,9,26,1976.7363,328.03,8.20075,4
1976,10,3,1976.7555,328.55,8.21375,5
1976,10,10,1976.7746,328.54,8.2135,4
1976,10,17,1976.7937,329.27,8.23175,3
1976,10,24,1976.8128,328.77,8.21925,6
1976,10,31,1976.832,329.32,8.233,4
1976,11,7,1976.8511,330.46,8.2615,4
1976,11,14,1976.8702,330.17,8.25425,7
1976,11,21,1976.8893,330.55,8.26375,7
1976,11,28,1976.9085,330.68,8.267,7
1976,12,5,1976.9276,331.19,8.27975,3
1976,12,12,1976.9467,332.39,8.30975,2
1976,12,19,1976.9658,331.7,8.2925,6
1976,12,26,1976.985,332.39,8.30975,6
1977,1,2,1977.0041,332.29,8.30725,5
1977,1,9,1977.0233,332.49,8.31225,6
1977,1,16,1977.0425,332.88,8.322,4
1977,1,23,1977.0616,332.98,8.3245,7
1977,1,30,1977.0808,332.93,8.32325,3
1977,2,6,1977.1,333.21,8.33025,4
1977,2,13,1977.1192,333.15,8.32875,5
1977,2,20,1977.1384,333.09,8.32725,6
1977,2,27,1977.1575,334.34,8.3585,5
1977,3,6,1977.1767,334.27,8.35675,5
1977,3,13,1977.1959,335.18,8.3795,5
1977,3,20,1977.2151,335.32,8.383,6
1977,3,27,1977.2342,335.16,8.379,4
1977,4,3,1977.2534,335.96,8.399,4
1977,4,10,1977.2726,335.85,8.39625,5
1977,4,17,1977.2918,336.3,8.4075,7
1977,4,24,1977.311,336.58,8.4145,5
1977,5,1,1977.3301,337,8.425,3
1977,5,8,1977.3493,336.58,8.4145,3
1977,5,15,1977.3685,337.14,8.4285,4
1977,5,22,1977.3877,336.97,8.42425,7
1977,5,29,1977.4068,336.63,8.41575,6
1977,6,5,1977.426,336.12,8.403,5
1977,6,12,1977.4452,336.01,8.40025,5
1977,6,19,1977.4644,336.34,8.4085,5
1977,6,26,1977.4836,335.74,8.3935,6
1977,7,3,1977.5027,335.46,8.3865,3
1977,7,10,1977.5219,335.23,8.38075,5
1977,7,17,1977.5411,334.59,8.36475,3
1977,7,24,1977.5603,334.09,8.35225,7
1977,7,31,1977.5795,333.42,8.3355,5
1977,8,7,1977.5986,332.54,8.3135,5
1977,8,14,1977.6178,332.84,8.321,3
1977,8,21,1977.637,331.82,8.2955,3
1977,8,28,1977.6562,332.25,8.30625,5
1977,9,4,1977.6753,331.18,8.2795,3
1977,9,11,1977.6945,331.49,8.28725,7
1977,9,18,1977.7137,330.94,8.2735,3
1977,9,25,1977.7329,330.92,8.273,5
1977,10,2,1977.7521,330.93,8.27325,6
1977,10,9,1977.7712,331.54,8.2885,4
1977,10,16,1977.7904,331.27,8.28175,4
1977,10,23,1977.8096,331.36,8.284,7
1977,10,30,1977.8288,331.87,8.29675,4
1977,11,6,1977.8479,332.08,8.302,6
1977,11,13,1977.8671,332.53,8.31325,4
1977,11,20,1977.8863,332.92,8.323,5
1977,11,27,1977.9055,332.65,8.31625,5
1977,12,4,1977.9247,333.34,8.3335,6
1977,12,11,1977.9438,333.4,8.335,5
1977,12,18,1977.963,334.03,8.35075,7
1977,12,25,1977.9822,333.99,8.34975,6
1978,1,1,1978.0014,334.66,8.3665,4
1978,1,8,1978.0205,334.56,8.364,5
1978,1,15,1978.0397,334.94,8.3735,5
1978,1,22,1978.0589,335.68,8.392,5
1978,1,29,1978.0781,335.23,8.38075,6
1978,2,5,1978.0973,334.74,8.3685,6
1978,2,12,1978.1164,335.27,8.38175,6
1978,2,19,1978.1356,335.5,8.3875,7
1978,2,26,1978.1548,335.95,8.39875,7
1978,3,5,1978.174,336.06,8.4015,7
1978,3,12,1978.1932,336.73,8.41825,6
1978,3,19,1978.2123,336.91,8.42275,5
1978,3,26,1978.2315,337.29,8.43225,6
1978,4,2,1978.2507,337.33,8.43325,4
1978,4,9,1978.2699,338,8.45,4
1978,4,16,1978.289,337.62,8.4405,5
1978,4,23,1978.3082,337.87,8.44675,4
1978,4,30,1978.3274,338.27,8.45675,5
1978,5,7,1978.3466,338.04,8.451,6
1978,5,14,1978.3658,337.89,8.44725,7
1978,5,21,1978.3849,337.79,8.44475,5
1978,5,28,1978.4041,338.44,8.461,6
1978,6,4,1978.4233,338.46,8.4615,2
1978,6,11,1978.4425,338.12,8.453,5
1978,6,18,1978.4616,337.62,8.4405,3
1978,6,25,1978.4808,337.47,8.43675,5
1978,7,2,1978.5,336.55,8.41375,4
1978,7,9,1978.5192,336.79,8.41975,6
1978,7,16,1978.5384,336.34,8.4085,5
1978,7,23,1978.5575,335.74,8.3935,5
1978,7,30,1978.5767,335.43,8.38575,6
1978,8,6,1978.5959,334.64,8.366,7
1978,8,13,1978.6151,334.69,8.36725,4
1978,8,20,1978.6342,334.21,8.35525,2
1978,8,27,1978.6534,333.78,8.3445,3
1978,9,3,1978.6726,332.81,8.32025,3
1978,9,10,1978.6918,331.86,8.2965,6
1978,9,17,1978.711,331.75,8.29375,3
1978,9,24,1978.7301,332.81,8.32025,4
1978,10,1,1978.7493,332.21,8.30525,5
1978,10,8,1978.7685,331.85,8.29625,6
1978,10,15,1978.7877,332.66,8.3165,5
1978,10,22,1978.8068,332.77,8.31925,6
1978,10,29,1978.826,333.22,8.3305,4
1978,11,5,1978.8452,333.57,8.33925,5
1978,11,12,1978.8644,333.6,8.34,7
1978,11,19,1978.8836,334.12,8.353,6
1978,11,26,1978.9027,334.1,8.3525,4
1978,12,3,1978.9219,334.46,8.3615,5
1978,12,10,1978.9411,334.96,8.374,6
1978,12,17,1978.9603,335.2,8.38,7
1978,12,24,1978.9795,335.07,8.37675,7
1978,12,31,1978.9986,335.2,8.38,7
1979,1,7,1979.0178,335.48,8.387,7
1979,1,14,1979.037,336.64,8.416,7
1979,1,21,1979.0562,336.93,8.42325,5
1979,1,28,1979.0753,337.02,8.4255,4
1979,2,4,1979.0945,336.61,8.41525,6
1979,2,11,1979.1137,336.52,8.413,7
1979,2,18,1979.1329,336.76,8.419,7
1979,2,25,1979.1521,336.97,8.42425,6
1979,3,4,1979.1712,337.93,8.44825,6
1979,3,11,1979.1904,338.1,8.4525,3
1979,3,18,1979.2096,338.65,8.46625,3
1979,3,25,1979.2288,338.97,8.47425,7
1979,4,1,1979.2479,338.87,8.47175,1
1979,4,8,1979.2671,338.78,8.4695,5
1979,4,15,1979.2863,338.77,8.46925,7
1979,4,22,1979.3055,339.38,8.4845,6
1979,4,29,1979.3247,339.56,8.489,6
1979,5,6,1979.3438,338.6,8.465,2
1979,5,13,1979.363,339.19,8.47975,4
1979,5,20,1979.3822,-999.99,-24.99975,0
1979,5,27,1979.4014,339.8,8.495,3
1979,6,3,1979.4205,339.74,8.4935,6
1979,6,10,1979.4397,339.03,8.47575,4
1979,6,17,1979.4589,339.13,8.47825,6
1979,6,24,1979.4781,338.92,8.473,2
1979,7,1,1979.4973,338.14,8.4535,6
1979,7,8,1979.5164,337.7,8.4425,5
1979,7,15,1979.5356,337.91,8.44775,6
1979,7,22,1979.5548,336.67,8.41675,6
1979,7,29,1979.574,336.84,8.421,5
1979,8,5,1979.5932,336.35,8.40875,6
1979,8,12,1979.6123,336.18,8.4045,5
1979,8,19,1979.6315,334.81,8.37025,7
1979,8,26,1979.6507,335.25,8.38125,4
1979,9,2,1979.6699,333.74,8.3435,2
1979,9,9,1979.689,334.4,8.36,4
1979,9,16,1979.7082,333.61,8.34025,6
1979,9,23,1979.7274,333.61,8.34025,5
1979,9,30,1979.7466,334.1,8.3525,6
1979,10,7,1979.7658,334.53,8.36325,3
1979,10,14,1979.7849,334.09,8.35225,7
1979,10,21,1979.8041,334.12,8.353,6
1979,10,28,1979.8233,334.54,8.3635,4
1979,11,4,1979.8425,334.8,8.37,7
1979,11,11,1979.8616,335.34,8.3835,7
1979,11,18,1979.8808,335.63,8.39075,6
1979,11,25,1979.9,335.88,8.397,7
1979,12,2,1979.9192,336.39,8.40975,7
1979,12,9,1979.9384,336.72,8.418,6
1979,12,16,1979.9575,337.01,8.42525,3
1979,12,23,1979.9767,337.18,8.4295,3
1979,12,30,1979.9959,337.53,8.43825,7
1980,1,6,1980.015,337.4,8.435,6
1980,1,13,1980.0342,337.71,8.44275,6
1980,1,20,1980.0533,338.65,8.46625,7
1980,1,27,1980.0724,337.89,8.44725,7
1980,2,3,1980.0915,338.47,8.46175,5
1980,2,10,1980.1107,338.19,8.45475,6
1980,2,17,1980.1298,338.35,8.45875,7
1980,2,24,1980.1489,338.91,8.47275,7
1980,3,2,1980.168,339.51,8.48775,4
1980,3,9,1980.1872,339.83,8.49575,6
1980,3,16,1980.2063,339.51,8.48775,6
1980,3,23,1980.2254,340.84,8.521,6
1980,3,30,1980.2445,340.64,8.516,5
1980,4,6,1980.2637,340.76,8.519,6
1980,4,13,1980.2828,340.98,8.5245,5
1980,4,20,1980.3019,341.15,8.52875,7
1980,4,27,1980.321,341.35,8.53375,6
1980,5,4,1980.3402,341.39,8.53475,4
1980,5,11,1980.3593,341.71,8.54275,6
1980,5,18,1980.3784,341.45,8.53625,6
1980,5,25,1980.3975,341.32,8.533,6
1980,6,1,1980.4167,341.64,8.541,5
1980,6,8,1980.4358,341.61,8.54025,6
1980,6,15,1980.4549,341.5,8.5375,6
1980,6,22,1980.474,340.76,8.519,4
1980,6,29,1980.4932,340.4,8.51,4
1980,7,6,1980.5123,339.42,8.4855,2
1980,7,13,1980.5314,339.31,8.48275,6
1980,7,20,1980.5505,338.77,8.46925,6
1980,7,27,1980.5697,338.81,8.47025,6
1980,8,3,1980.5888,336.78,8.4195,3
1980,8,10,1980.6079,338.07,8.45175,5
1980,8,17,1980.627,338.36,8.459,3
1980,8,24,1980.6462,337.21,8.43025,4
1980,8,31,1980.6653,336.9,8.4225,3
1980,9,7,1980.6844,336.24,8.406,5
1980,9,14,1980.7036,336.24,8.406,4
1980,9,21,1980.7227,335.36,8.384,3
1980,9,28,1980.7418,335.99,8.39975,3
1980,10,5,1980.7609,335.72,8.393,7
1980,10,12,1980.7801,336.11,8.40275,7
1980,10,19,1980.7992,336.51,8.41275,6
1980,10,26,1980.8183,336.69,8.41725,5
1980,11,2,1980.8374,336.97,8.42425,6
1980,11,9,1980.8566,337.49,8.43725,3
1980,11,16,1980.8757,337.2,8.43,7
1980,11,23,1980.8948,337.64,8.441,7
1980,11,30,1980.9139,337.88,8.447,2
1980,12,7,1980.9331,338.11,8.45275,2
1980,12,14,1980.9522,338.5,8.4625,6
1980,12,21,1980.9713,338.52,8.463,5
1980,12,28,1980.9904,338.6,8.465,7
1981,1,4,1981.0096,339.12,8.478,6
1981,1,11,1981.0288,339.25,8.48125,7
1981,1,18,1981.0479,339.55,8.48875,7
1981,1,25,1981.0671,339.67,8.49175,5
1981,2,1,1981.0863,339.89,8.49725,7
1981,2,8,1981.1055,340.7,8.5175,6
1981,2,15,1981.1247,340.18,8.5045,5
1981,2,22,1981.1438,341.34,8.5335,7
1981,3,1,1981.163,341.23,8.53075,5
1981,3,8,1981.1822,340.97,8.52425,5
1981,3,15,1981.2014,341.53,8.53825,7
1981,3,22,1981.2205,342.49,8.56225,5
1981,3,29,1981.2397,342.23,8.55575,6
1981,4,5,1981.2589,342.62,8.5655,5
1981,4,12,1981.2781,342.8,8.57,6
1981,4,19,1981.2973,342.54,8.5635,7
1981,4,26,1981.3164,342.71,8.56775,5
1981,5,3,1981.3356,343.08,8.577,6
1981,5,10,1981.3548,343.04,8.576,7
1981,5,17,1981.374,342.95,8.57375,7
1981,5,24,1981.3932,343,8.575,7
1981,5,31,1981.4123,342.87,8.57175,5
1981,6,7,1981.4315,342.83,8.57075,7
1981,6,14,1981.4507,342.4,8.56,6
1981,6,21,1981.4699,342.19,8.55475,5
1981,6,28,1981.489,341.71,8.54275,6
1981,7,5,1981.5082,341.3,8.5325,7
1981,7,12,1981.5274,340.54,8.5135,5
1981,7,19,1981.5466,340.72,8.518,5
1981,7,26,1981.5658,340.05,8.50125,5
1981,8,2,1981.5849,339.3,8.4825,7
1981,8,9,1981.6041,338.98,8.4745,6
1981,8,16,1981.6233,338.18,8.4545,6
1981,8,23,1981.6425,337.25,8.43125,5
1981,8,30,1981.6616,337.6,8.44,6
1981,9,6,1981.6808,337.1,8.4275,6
1981,9,13,1981.7,336.92,8.423,6
1981,9,20,1981.7192,336.84,8.421,7
1981,9,27,1981.7384,336.24,8.406,6
1981,10,4,1981.7575,336.66,8.4165,7
1981,10,11,1981.7767,337.11,8.42775,7
1981,10,18,1981.7959,337.22,8.4305,5
1981,10,25,1981.8151,337.68,8.442,6
1981,11,1,1981.8342,338.13,8.45325,7
1981,11,8,1981.8534,338.29,8.45725,7
1981,11,15,1981.8726,338.43,8.46075,5
1981,11,22,1981.8918,339.23,8.48075,5
1981,11,29,1981.911,339.72,8.493,4
1981,12,6,1981.9301,339.7,8.4925,5
1981,12,13,1981.9493,339.64,8.491,5
1981,12,20,1981.9685,340.03,8.50075,4
1981,12,27,1981.9877,340.51,8.51275,3
1982,1,3,1982.0068,340.59,8.51475,5
1982,1,10,1982.026,340.75,8.51875,7
1982,1,17,1982.0452,340.8,8.52,6
1982,1,24,1982.0644,341.64,8.541,7
1982,1,31,1982.0836,341.77,8.54425,6
1982,2,7,1982.1027,341.58,8.5395,7
1982,2,14,1982.1219,341.34,8.5335,4
1982,2,21,1982.1411,341.97,8.54925,6
1982,2,28,1982.1603,342.71,8.56775,6
1982,3,7,1982.1795,342.47,8.56175,6
1982,3,14,1982.1986,342.71,8.56775,6
1982,3,21,1982.2178,-999.99,-24.99975,0
1982,3,28,1982.237,342.84,8.571,1
1982,4,4,1982.2562,343.37,8.58425,5
1982,4,11,1982.2753,-999.99,-24.99975,0
1982,4,18,1982.2945,-999.99,-24.99975,0
1982,4,25,1982.3137,344.91,8.62275,4
1982,5,2,1982.3329,344.24,8.606,6
1982,5,9,1982.3521,344.81,8.62025,7
1982,5,16,1982.3712,344.67,8.61675,5
1982,5,23,1982.3904,344.81,8.62025,6
1982,5,30,1982.4096,343.96,8.599,5
1982,6,6,1982.4288,344.05,8.60125,6
1982,6,13,1982.4479,344.07,8.60175,6
1982,6,20,1982.4671,343.4,8.585,7
1982,6,27,1982.4863,343.28,8.582,6
1982,7,4,1982.5055,342.91,8.57275,7
1982,7,11,1982.5247,342.27,8.55675,7
1982,7,18,1982.5438,342.09,8.55225,5
1982,7,25,1982.563,341.76,8.544,6
1982,8,1,1982.5822,341.06,8.5265,7
1982,8,8,1982.6014,340.6,8.515,5
1982,8,15,1982.6205,340.43,8.51075,5
1982,8,22,1982.6397,339.15,8.47875,4
1982,8,29,1982.6589,338.88,8.472,6
1982,9,5,1982.6781,338.74,8.4685,6
1982,9,12,1982.6973,338.96,8.474,3
1982,9,19,1982.7164,337.24,8.431,4
1982,9,26,1982.7356,337.51,8.43775,7
1982,10,3,1982.7548,337.81,8.44525,5
1982,10,10,1982.774,337.96,8.449,6
1982,10,17,1982.7932,338.25,8.45625,7
1982,10,24,1982.8123,339.22,8.4805,5
1982,10,31,1982.8315,339.02,8.4755,6
1982,11,7,1982.8507,339.26,8.4815,7
1982,11,14,1982.8699,339.56,8.489,3
1982,11,21,1982.889,340.37,8.50925,7
1982,11,28,1982.9082,339.82,8.4955,6
1982,12,5,1982.9274,340.57,8.51425,6
1982,12,12,1982.9466,340.81,8.52025,6
1982,12,19,1982.9658,341.35,8.53375,7
1982,12,26,1982.9849,341.42,8.5355,5
1983,1,2,1983.0041,341.69,8.54225,6
1983,1,9,1983.0233,342.18,8.5545,5
1983,1,16,1983.0425,341.44,8.536,7
1983,1,23,1983.0616,341.72,8.543,7
1983,1,30,1983.0808,342.08,8.552,5
1983,2,6,1983.1,342.78,8.5695,5
1983,2,13,1983.1192,343.05,8.57625,7
1983,2,20,1983.1384,343.03,8.57575,7
1983,2,27,1983.1575,342.71,8.56775,7
1983,3,6,1983.1767,342.63,8.56575,7
1983,3,13,1983.1959,343.74,8.5935,6
1983,3,20,1983.2151,344.93,8.62325,3
1983,3,27,1983.2342,343.74,8.5935,6
1983,4,3,1983.2534,344.74,8.6185,6
1983,4,10,1983.2726,345.03,8.62575,5
1983,4,17,1983.2918,345.6,8.64,5
1983,4,24,1983.311,345.82,8.6455,7
1983,5,1,1983.3301,345.64,8.641,5
1983,5,8,1983.3493,345.94,8.6485,6
1983,5,15,1983.3685,346.36,8.659,7
1983,5,22,1983.3877,346.07,8.65175,7
1983,5,29,1983.4068,345.95,8.64875,6
1983,6,5,1983.426,346.09,8.65225,5
1983,6,12,1983.4452,345.73,8.64325,4
1983,6,19,1983.4644,345.39,8.63475,4
1983,6,26,1983.4836,344.96,8.624,5
1983,7,3,1983.5027,345.02,8.6255,7
1983,7,10,1983.5219,344.31,8.60775,3
1983,7,17,1983.5411,344.1,8.6025,4
1983,7,24,1983.5603,343.39,8.58475,4
1983,7,31,1983.5795,342.75,8.56875,6
1983,8,7,1983.5986,-999.99,-24.99975,0
1983,8,14,1983.6178,342.06,8.5515,5
1983,8,21,1983.637,341.89,8.54725,5
1983,8,28,1983.6562,340.95,8.52375,3
1983,9,4,1983.6753,340.34,8.5085,4
1983,9,11,1983.6945,340.23,8.50575,2
1983,9,18,1983.7137,340.29,8.50725,5
1983,9,25,1983.7329,340.39,8.50975,3
1983,10,2,1983.7521,339.98,8.4995,6
1983,10,9,1983.7712,340.2,8.505,6
1983,10,16,1983.7904,340.82,8.5205,3
1983,10,23,1983.8096,340.67,8.51675,4
1983,10,30,1983.8288,341.07,8.52675,4
1983,11,6,1983.8479,341.37,8.53425,7
1983,11,13,1983.8671,341.66,8.5415,6
1983,11,20,1983.8863,341.71,8.54275,6
1983,11,27,1983.9055,342.24,8.556,5
1983,12,4,1983.9247,342.48,8.562,2
1983,12,11,1983.9438,342.74,8.5685,4
1983,12,18,1983.963,343.43,8.58575,5
1983,12,25,1983.9822,343.63,8.59075,6
1984,1,1,1984.0014,344.09,8.60225,5
1984,1,8,1984.0205,343.78,8.5945,6
1984,1,15,1984.0396,343.98,8.5995,4
1984,1,22,1984.0587,344.39,8.60975,6
1984,1,29,1984.0779,344.59,8.61475,4
1984,2,5,1984.097,344.86,8.6215,5
1984,2,12,1984.1161,344.67,8.61675,7
1984,2,19,1984.1352,344.98,8.6245,7
1984,2,26,1984.1544,344.91,8.62275,5
1984,3,4,1984.1735,345.23,8.63075,4
1984,3,11,1984.1926,345.52,8.638,4
1984,3,18,1984.2117,345.66,8.6415,7
1984,3,25,1984.2309,345.76,8.644,1
1984,4,1,1984.25,-999.99,-24.99975,0
1984,4,8,1984.2691,-999.99,-24.99975,0
1984,4,15,1984.2883,-999.99,-24.99975,0
1984,4,22,1984.3074,-999.99,-24.99975,0
1984,4,29,1984.3265,347.6,8.69,6
1984,5,6,1984.3456,347.36,8.684,4
1984,5,13,1984.3648,347.86,8.6965,6
1984,5,20,1984.3839,347.53,8.68825,5
1984,5,27,1984.403,347.51,8.68775,2
1984,6,3,1984.4221,347.07,8.67675,6
1984,6,10,1984.4413,347.36,8.684,5
1984,6,17,1984.4604,346.97,8.67425,3
1984,6,24,1984.4795,346.5,8.6625,7
1984,7,1,1984.4986,346.21,8.65525,5
1984,7,8,1984.5178,346.07,8.65175,6
1984,7,15,1984.5369,345.35,8.63375,4
1984,7,22,1984.556,344.89,8.62225,4
1984,7,29,1984.5751,344.74,8.6185,3
1984,8,5,1984.5943,344.35,8.60875,4
1984,8,12,1984.6134,344.12,8.603,1
1984,8,19,1984.6325,343.05,8.57625,4
1984,8,26,1984.6516,342.12,8.553,2
1984,9,2,1984.6708,340.88,8.522,3
1984,9,9,1984.6899,341.1,8.5275,2
1984,9,16,1984.709,341.87,8.54675,5
1984,9,23,1984.7281,341.24,8.531,4
1984,9,30,1984.7473,341.9,8.5475,2
1984,10,7,1984.7664,341.16,8.529,5
1984,10,14,1984.7855,341.99,8.54975,1
1984,10,21,1984.8046,341.91,8.54775,2
1984,10,28,1984.8238,342.06,8.5515,5
1984,11,4,1984.8429,342.6,8.565,4
1984,11,11,1984.862,343.08,8.577,5
1984,11,18,1984.8811,343.53,8.58825,5
1984,11,25,1984.9003,343.48,8.587,2
1984,12,2,1984.9194,-999.99,-24.99975,0
1984,12,9,1984.9385,344.64,8.616,4
1984,12,16,1984.9577,344.93,8.62325,4
1984,12,23,1984.9768,344.7,8.6175,2
1984,12,30,1984.9959,345.24,8.631,5
1985,1,6,1985.0151,345.3,8.6325,4
1985,1,13,1985.0342,345.18,8.6295,5
1985,1,20,1985.0534,345.18,8.6295,5
1985,1,27,1985.0726,345.62,8.6405,6
1985,2,3,1985.0918,346.01,8.65025,3
1985,2,10,1985.111,345.72,8.643,6
1985,2,17,1985.1301,346.49,8.66225,4
1985,2,24,1985.1493,346.72,8.668,3
1985,3,3,1985.1685,347.21,8.68025,5
1985,3,10,1985.1877,347.57,8.68925,4
1985,3,17,1985.2068,347.92,8.698,3
1985,3,24,1985.226,348.34,8.7085,3
1985,3,31,1985.2452,348.23,8.70575,7
1985,4,7,1985.2644,348.24,8.706,4
1985,4,14,1985.2836,347.94,8.6985,5
1985,4,21,1985.3027,348.69,8.71725,2
1985,4,28,1985.3219,348.96,8.724,6
1985,5,5,1985.3411,349.24,8.731,5
1985,5,12,1985.3603,349.1,8.7275,6
1985,5,19,1985.3795,349.07,8.72675,4
1985,5,26,1985.3986,348.91,8.72275,5
1985,6,2,1985.4178,348.86,8.7215,5
1985,6,9,1985.437,348.55,8.71375,6
1985,6,16,1985.4562,348.37,8.70925,5
1985,6,23,1985.4753,347.79,8.69475,6
1985,6,30,1985.4945,347.24,8.681,7
1985,7,7,1985.5137,347.1,8.6775,1
1985,7,14,1985.5329,346.89,8.67225,6
1985,7,21,1985.5521,346.47,8.66175,3
1985,7,28,1985.5712,345.86,8.6465,4
1985,8,4,1985.5904,345.33,8.63325,3
1985,8,11,1985.6096,344.23,8.60575,2
1985,8,18,1985.6288,344.61,8.61525,6
1985,8,25,1985.6479,344.76,8.619,5
1985,9,1,1985.6671,344.14,8.6035,6
1985,9,8,1985.6863,343.61,8.59025,5
1985,9,15,1985.7055,343.38,8.5845,6
1985,9,22,1985.7247,342.29,8.55725,6
1985,9,29,1985.7438,342.34,8.5585,4
1985,10,6,1985.763,342.92,8.573,4
1985,10,13,1985.7822,342.95,8.57375,7
1985,10,20,1985.8014,343.48,8.587,2
1985,10,27,1985.8205,343.75,8.59375,6
1985,11,3,1985.8397,343.76,8.594,5
1985,11,10,1985.8589,344.36,8.609,5
1985,11,17,1985.8781,344.81,8.62025,5
1985,11,24,1985.8973,345.29,8.63225,6
1985,12,1,1985.9164,345.29,8.63225,4
1985,12,8,1985.9356,345.9,8.6475,6
1985,12,15,1985.9548,345.88,8.647,6
1985,12,22,1985.974,346.04,8.651,6
1985,12,29,1985.9932,346.68,8.667,6
1986,1,5,1986.0123,346.59,8.66475,5
1986,1,12,1986.0315,346.43,8.66075,6
1986,1,19,1986.0507,346.77,8.66925,5
1986,1,26,1986.0699,346.5,8.6625,7
1986,2,2,1986.089,346.96,8.674,6
1986,2,9,1986.1082,347.22,8.6805,6
1986,2,16,1986.1274,347.61,8.69025,7
1986,2,23,1986.1466,347.44,8.686,6
1986,3,2,1986.1658,347.01,8.67525,5
1986,3,9,1986.1849,347.11,8.67775,1
1986,3,16,1986.2041,347.88,8.697,3
1986,3,23,1986.2233,349.36,8.734,5
1986,3,30,1986.2425,348.95,8.72375,4
1986,4,6,1986.2616,349.62,8.7405,5
1986,4,13,1986.2808,349.79,8.74475,3
1986,4,20,1986.3,350.1,8.7525,7
1986,4,27,1986.3192,350.67,8.76675,4
1986,5,4,1986.3384,350.42,8.7605,3
1986,5,11,1986.3575,350.59,8.76475,3
1986,5,18,1986.3767,350.64,8.766,4
1986,5,25,1986.3959,350.1,8.7525,5
1986,6,1,1986.4151,350.32,8.758,6
1986,6,8,1986.4342,350.28,8.757,2
1986,6,15,1986.4534,350.04,8.751,2
1986,6,22,1986.4726,349.57,8.73925,6
1986,6,29,1986.4918,349.06,8.7265,5
1986,7,6,1986.511,348.81,8.72025,4
1986,7,13,1986.5301,347.62,8.6905,5
1986,7,20,1986.5493,347.86,8.6965,4
1986,7,27,1986.5685,347.74,8.6935,3
1986,8,3,1986.5877,346.7,8.6675,5
1986,8,10,1986.6068,346.19,8.65475,5
1986,8,17,1986.626,345.66,8.6415,4
1986,8,24,1986.6452,345.65,8.64125,4
1986,8,31,1986.6644,345.22,8.6305,3
1986,9,7,1986.6836,345.64,8.641,1
1986,9,14,1986.7027,345.74,8.6435,4
1986,9,21,1986.7219,344.44,8.611,6
1986,9,28,1986.7411,344.86,8.6215,7
1986,10,5,1986.7603,344.17,8.60425,7
1986,10,12,1986.7795,344.37,8.60925,6
1986,10,19,1986.7986,344.46,8.6115,5
1986,10,26,1986.8178,345.27,8.63175,5
1986,11,2,1986.837,345.47,8.63675,5
1986,11,9,1986.8562,345.98,8.6495,5
1986,11,16,1986.8753,345.91,8.64775,4
1986,11,23,1986.8945,346.27,8.65675,7
1986,11,30,1986.9137,347.13,8.67825,7
1986,12,7,1986.9329,347.04,8.676,7
1986,12,14,1986.9521,347.08,8.677,5
1986,12,21,1986.9712,347.23,8.68075,3
1986,12,28,1986.9904,347.57,8.68925,6
1987,1,4,1987.0096,348.05,8.70125,5
1987,1,11,1987.0288,348.79,8.71975,7
1987,1,18,1987.0479,348.55,8.71375,7
1987,1,25,1987.0671,348.97,8.72425,4
1987,2,1,1987.0863,348.41,8.71025,7
1987,2,8,1987.1055,348.19,8.70475,7
1987,2,15,1987.1247,348.91,8.72275,5
1987,2,22,1987.1438,349.54,8.7385,6
1987,3,1,1987.163,349.08,8.727,6
1987,3,8,1987.1822,349.43,8.73575,6
1987,3,15,1987.2014,350,8.75,3
1987,3,22,1987.2205,350.38,8.7595,5
1987,3,29,1987.2397,351.1,8.7775,5
1987,4,5,1987.2589,350.74,8.7685,6
1987,4,12,1987.2781,351.07,8.77675,5
1987,4,19,1987.2973,351.63,8.79075,7
1987,4,26,1987.3164,351.73,8.79325,7
1987,5,3,1987.3356,352.03,8.80075,6
1987,5,10,1987.3548,352.07,8.80175,7
1987,5,17,1987.374,352.02,8.8005,7
1987,5,24,1987.3932,352.32,8.808,5
1987,5,31,1987.4123,352.11,8.80275,7
1987,6,7,1987.4315,351.75,8.79375,6
1987,6,14,1987.4507,351.34,8.7835,6
1987,6,21,1987.4699,351.27,8.78175,5
1987,6,28,1987.489,350.58,8.7645,4
1987,7,5,1987.5082,350.77,8.76925,5
1987,7,12,1987.5274,349.69,8.74225,3
1987,7,19,1987.5466,350.21,8.75525,3
1987,7,26,1987.5658,349.72,8.743,3
1987,8,2,1987.5849,346.98,8.6745,2
1987,8,9,1987.6041,348.76,8.719,3
1987,8,16,1987.6233,348.22,8.7055,3
1987,8,23,1987.6425,347.77,8.69425,4
1987,8,30,1987.6616,346.8,8.67,4
1987,9,6,1987.6808,346.55,8.66375,4
1987,9,13,1987.7,346.81,8.67025,6
1987,9,20,1987.7192,345.76,8.644,6
1987,9,27,1987.7384,346.22,8.6555,7
1987,10,4,1987.7575,346.36,8.659,4
1987,10,11,1987.7767,346.56,8.664,2
1987,10,18,1987.7959,346.96,8.674,6
1987,10,25,1987.8151,346.89,8.67225,7
1987,11,1,1987.8342,347.38,8.6845,4
1987,11,8,1987.8534,347.51,8.68775,6
1987,11,15,1987.8726,348.07,8.70175,5
1987,11,22,1987.8918,348.71,8.71775,6
1987,11,29,1987.911,348.75,8.71875,5
1987,12,6,1987.9301,348.73,8.71825,6
1987,12,13,1987.9493,349.23,8.73075,6
1987,12,20,1987.9685,349.37,8.73425,7
1987,12,27,1987.9877,349.76,8.744,6
1988,1,3,1988.0068,350.14,8.7535,7
1988,1,10,1988.026,350.28,8.757,6
1988,1,17,1988.0451,350.54,8.7635,6
1988,1,24,1988.0642,350.71,8.76775,3
1988,1,31,1988.0833,351.73,8.79325,4
1988,2,7,1988.1025,351.26,8.7815,5
1988,2,14,1988.1216,351.24,8.781,7
1988,2,21,1988.1407,352.15,8.80375,6
1988,2,28,1988.1598,353.04,8.826,7
1988,3,6,1988.179,352.4,8.81,6
1988,3,13,1988.1981,351.95,8.79875,6
1988,3,20,1988.2172,351.74,8.7935,5
1988,3,27,1988.2363,353.05,8.82625,5
1988,4,3,1988.2555,353.38,8.8345,6
1988,4,10,1988.2746,353.52,8.838,7
1988,4,17,1988.2937,353.61,8.84025,7
1988,4,24,1988.3128,354.4,8.86,5
1988,5,1,1988.332,353.92,8.848,6
1988,5,8,1988.3511,354.19,8.85475,7
1988,5,15,1988.3702,354.19,8.85475,6
1988,5,22,1988.3893,354.65,8.86625,6
1988,5,29,1988.4085,353.94,8.8485,5
1988,6,5,1988.4276,354.28,8.857,7
1988,6,12,1988.4467,353.73,8.84325,6
1988,6,19,1988.4658,353.34,8.8335,7
1988,6,26,1988.485,353.31,8.83275,7
1988,7,3,1988.5041,352.84,8.821,6
1988,7,10,1988.5232,352.99,8.82475,5
1988,7,17,1988.5423,352.93,8.82325,6
1988,7,24,1988.5615,351.99,8.79975,7
1988,7,31,1988.5806,350.89,8.77225,5
1988,8,7,1988.5997,350.82,8.7705,7
1988,8,14,1988.6189,350.14,8.7535,5
1988,8,21,1988.638,350.18,8.7545,6
1988,8,28,1988.6571,349.53,8.73825,6
1988,9,4,1988.6762,348.85,8.72125,7
1988,9,11,1988.6954,349.13,8.72825,6
1988,9,18,1988.7145,348.86,8.7215,7
1988,9,25,1988.7336,348.75,8.71875,6
1988,10,2,1988.7527,348.95,8.72375,5
1988,10,9,1988.7719,348.69,8.71725,6
1988,10,16,1988.791,349.3,8.7325,7
1988,10,23,1988.8101,349.45,8.73625,5
1988,10,30,1988.8292,349.77,8.74425,6
1988,11,6,1988.8484,349.86,8.7465,5
1988,11,13,1988.8675,350.15,8.75375,5
1988,11,20,1988.8866,350.56,8.764,7
1988,11,27,1988.9057,350.61,8.76525,7
1988,12,4,1988.9249,350.9,8.7725,6
1988,12,11,1988.944,351.44,8.786,7
1988,12,18,1988.9631,351.57,8.78925,6
1988,12,25,1988.9822,352.08,8.802,6
1989,1,1,1989.0014,352.48,8.812,6
1989,1,8,1989.0205,353.15,8.82875,7
1989,1,15,1989.0397,353,8.825,5
1989,1,22,1989.0589,352.65,8.81625,6
1989,1,29,1989.0781,353.31,8.83275,7
1989,2,5,1989.0973,352.8,8.82,7
1989,2,12,1989.1164,353.33,8.83325,6
1989,2,19,1989.1356,353.61,8.84025,5
1989,2,26,1989.1548,353.77,8.84425,7
1989,3,5,1989.174,353.63,8.84075,7
1989,3,12,1989.1932,353.59,8.83975,6
1989,3,19,1989.2123,354.09,8.85225,6
1989,3,26,1989.2315,354.78,8.8695,7
1989,4,2,1989.2507,354.74,8.8685,7
1989,4,9,1989.2699,355.4,8.885,6
1989,4,16,1989.289,356.08,8.902,6
1989,4,23,1989.3082,356.32,8.908,7
1989,4,30,1989.3274,355.76,8.894,7
1989,5,7,1989.3466,355.58,8.8895,6
1989,5,14,1989.3658,356.11,8.90275,6
1989,5,21,1989.3849,355.96,8.899,6
1989,5,28,1989.4041,356.13,8.90325,7
1989,6,4,1989.4233,355.57,8.88925,4
1989,6,11,1989.4425,355.46,8.8865,7
1989,6,18,1989.4616,354.98,8.8745,7
1989,6,25,1989.4808,355,8.875,6
1989,7,2,1989.5,354.76,8.869,4
1989,7,9,1989.5192,354.41,8.86025,7
1989,7,16,1989.5384,353.55,8.83875,6
1989,7,23,1989.5575,353.26,8.8315,6
1989,7,30,1989.5767,353.22,8.8305,6
1989,8,6,1989.5959,352.62,8.8155,5
1989,8,13,1989.6151,351.95,8.79875,5
1989,8,20,1989.6342,350.75,8.76875,6
1989,8,27,1989.6534,350.74,8.7685,4
1989,9,3,1989.6726,350.96,8.774,7
1989,9,10,1989.6918,349.39,8.73475,4
1989,9,17,1989.711,349.55,8.73875,7
1989,9,24,1989.7301,349.9,8.7475,4
1989,10,1,1989.7493,350.41,8.76025,3
1989,10,8,1989.7685,349.86,8.7465,7
1989,10,15,1989.7877,350.34,8.7585,7
1989,10,22,1989.8068,350.7,8.7675,5
1989,10,29,1989.826,350.44,8.761,6
1989,11,5,1989.8452,351.32,8.783,7
1989,11,12,1989.8644,351.64,8.791,5
1989,11,19,1989.8836,351.84,8.796,7
1989,11,26,1989.9027,352.05,8.80125,7
1989,12,3,1989.9219,352.3,8.8075,6
1989,12,10,1989.9411,353.07,8.82675,7
1989,12,17,1989.9603,352.9,8.8225,7
1989,12,24,1989.9795,352.98,8.8245,5
1989,12,31,1989.9986,353.67,8.84175,4
1990,1,7,1990.0178,353.53,8.83825,6
1990,1,14,1990.037,353.93,8.84825,7
1990,1,21,1990.0562,353.87,8.84675,4
1990,1,28,1990.0753,354.34,8.8585,7
1990,2,4,1990.0945,354.98,8.8745,7
1990,2,11,1990.1137,355.03,8.87575,7
1990,2,18,1990.1329,355.37,8.88425,7
1990,2,25,1990.1521,355.12,8.878,6
1990,3,4,1990.1712,355.7,8.8925,7
1990,3,11,1990.1904,355.73,8.89325,6
1990,3,18,1990.2096,355.48,8.887,6
1990,3,25,1990.2288,356.07,8.90175,7
1990,4,1,1990.2479,356.21,8.90525,7
1990,4,8,1990.2671,356.11,8.90275,6
1990,4,15,1990.2863,356.16,8.904,7
1990,4,22,1990.3055,356.8,8.92,6
1990,4,29,1990.3247,356.93,8.92325,7
1990,5,6,1990.3438,357.65,8.94125,6
1990,5,13,1990.363,357.2,8.93,7
1990,5,20,1990.3822,357.28,8.932,6
1990,5,27,1990.4014,357.33,8.93325,7
1990,6,3,1990.4205,356.93,8.92325,7
1990,6,10,1990.4397,356.2,8.905,7
1990,6,17,1990.4589,356.13,8.90325,7
1990,6,24,1990.4781,355.74,8.8935,6
1990,7,1,1990.4973,356.17,8.90425,7
1990,7,8,1990.5164,354.95,8.87375,7
1990,7,15,1990.5356,354.25,8.85625,7
1990,7,22,1990.5548,354.33,8.85825,6
1990,7,29,1990.574,353.95,8.84875,6
1990,8,5,1990.5932,353.13,8.82825,4
1990,8,12,1990.6123,353.41,8.83525,6
1990,8,19,1990.6315,353.01,8.82525,4
1990,8,26,1990.6507,351.73,8.79325,6
1990,9,2,1990.6699,351.09,8.77725,7
1990,9,9,1990.689,350.8,8.77,4
1990,9,16,1990.7082,351.69,8.79225,7
1990,9,23,1990.7274,351.39,8.78475,7
1990,9,30,1990.7466,351.33,8.78325,6
1990,10,7,1990.7658,351.48,8.787,7
1990,10,14,1990.7849,351.51,8.78775,5
1990,10,21,1990.8041,351.65,8.79125,7
1990,10,28,1990.8233,352.33,8.80825,6
1990,11,4,1990.8425,352.64,8.816,7
1990,11,11,1990.8616,353.08,8.827,6
1990,11,18,1990.8808,353.38,8.8345,5
1990,11,25,1990.9,353.62,8.8405,5
1990,12,2,1990.9192,353.83,8.84575,7
1990,12,9,1990.9384,354.39,8.85975,4
1990,12,16,1990.9575,354.26,8.8565,7
1990,12,23,1990.9767,354.75,8.86875,7
1990,12,30,1990.9959,354.71,8.86775,7
1991,1,6,1991.0151,354.5,8.8625,6
1991,1,13,1991.0342,354.93,8.87325,6
1991,1,20,1991.0534,354.85,8.87125,7
1991,1,27,1991.0726,355.52,8.888,6
1991,2,3,1991.0918,355.23,8.88075,7
1991,2,10,1991.111,355.79,8.89475,6
1991,2,17,1991.1301,356.44,8.911,6
1991,2,24,1991.1493,355.73,8.89325,7
1991,3,3,1991.1685,357.08,8.927,6
1991,3,10,1991.1877,357.65,8.94125,7
1991,3,17,1991.2068,357.17,8.92925,7
1991,3,24,1991.226,357.39,8.93475,7
1991,3,31,1991.2452,358.34,8.9585,7
1991,4,7,1991.2644,357.97,8.94925,7
1991,4,14,1991.2836,358.65,8.96625,7
1991,4,21,1991.3027,359.26,8.9815,7
1991,4,28,1991.3219,359.19,8.97975,7
1991,5,5,1991.3411,358.86,8.9715,7
1991,5,12,1991.3603,359.34,8.9835,7
1991,5,19,1991.3795,359.65,8.99125,5
1991,5,26,1991.3986,358.74,8.9685,7
1991,6,2,1991.4178,358.28,8.957,7
1991,6,9,1991.437,358.45,8.96125,7
1991,6,16,1991.4562,358.07,8.95175,6
1991,6,23,1991.4753,357.8,8.945,7
1991,6,30,1991.4945,357.2,8.93,7
1991,7,7,1991.5137,356.67,8.91675,4
1991,7,14,1991.5329,356.13,8.90325,7
1991,7,21,1991.5521,355.15,8.87875,4
1991,7,28,1991.5712,355.45,8.88625,3
1991,8,4,1991.5904,354.5,8.8625,6
1991,8,11,1991.6096,354.29,8.85725,6
1991,8,18,1991.6288,353.21,8.83025,7
1991,8,25,1991.6479,353.01,8.82525,6
1991,9,1,1991.6671,353.04,8.826,6
1991,9,8,1991.6863,352.51,8.81275,6
1991,9,15,1991.7055,351.86,8.7965,6
1991,9,22,1991.7247,351.88,8.797,7
1991,9,29,1991.7438,351.66,8.7915,7
1991,10,6,1991.763,352.05,8.80125,6
1991,10,13,1991.7822,352.52,8.813,6
1991,10,20,1991.8014,352.69,8.81725,7
1991,10,27,1991.8205,352.94,8.8235,5
1991,11,3,1991.8397,353.75,8.84375,6
1991,11,10,1991.8589,353.71,8.84275,7
1991,11,17,1991.8781,353.83,8.84575,7
1991,11,24,1991.8973,354.1,8.8525,6
1991,12,1,1991.9164,354.56,8.864,6
1991,12,8,1991.9356,354.9,8.8725,7
1991,12,15,1991.9548,355.14,8.8785,7
1991,12,22,1991.974,355.5,8.8875,7
1991,12,29,1991.9932,356.46,8.9115,7
1992,1,5,1992.0123,356.11,8.90275,7
1992,1,12,1992.0314,356.25,8.90625,7
1992,1,19,1992.0505,356.29,8.90725,7
1992,1,26,1992.0697,356.09,8.90225,7
1992,2,2,1992.0888,356.89,8.92225,7
1992,2,9,1992.1079,357.12,8.928,7
1992,2,16,1992.127,357.29,8.93225,5
1992,2,23,1992.1462,357.26,8.9315,7
1992,3,1,1992.1653,356.62,8.9155,6
1992,3,8,1992.1844,357.87,8.94675,6
1992,3,15,1992.2036,358.3,8.9575,5
1992,3,22,1992.2227,358.77,8.96925,5
1992,3,29,1992.2418,357.96,8.949,5
1992,4,5,1992.2609,359.13,8.97825,7
1992,4,12,1992.2801,359.16,8.979,6
1992,4,19,1992.2992,359.65,8.99125,6
1992,4,26,1992.3183,359.26,8.9815,6
1992,5,3,1992.3374,359.69,8.99225,7
1992,5,10,1992.3566,358.94,8.9735,6
1992,5,17,1992.3757,359.13,8.97825,6
1992,5,24,1992.3948,360.4,9.01,5
1992,5,31,1992.4139,360.47,9.01175,7
1992,6,7,1992.4331,359.77,8.99425,7
1992,6,14,1992.4522,358.88,8.972,7
1992,6,21,1992.4713,358.64,8.966,7
1992,6,28,1992.4904,358.77,8.96925,7
1992,7,5,1992.5096,357.68,8.942,5
1992,7,12,1992.5287,356.93,8.92325,6
1992,7,19,1992.5478,356.36,8.909,5
1992,7,26,1992.5669,355.61,8.89025,7
1992,8,2,1992.5861,355.27,8.88175,6
1992,8,9,1992.6052,355.62,8.8905,6
1992,8,16,1992.6243,355.33,8.88325,3
1992,8,23,1992.6434,354.34,8.8585,5
1992,8,30,1992.6626,352.89,8.82225,5
1992,9,6,1992.6817,354.07,8.85175,6
1992,9,13,1992.7008,352.87,8.82175,7
1992,9,20,1992.7199,352.6,8.815,6
1992,9,27,1992.7391,352.86,8.8215,6
1992,10,4,1992.7582,353.24,8.831,6
1992,10,11,1992.7773,353.58,8.8395,7
1992,10,18,1992.7964,353.2,8.83,7
1992,10,25,1992.8156,353.17,8.82925,7
1992,11,1,1992.8347,354.26,8.8565,7
1992,11,8,1992.8538,353.94,8.8485,7
1992,11,15,1992.873,354.16,8.854,7
1992,11,22,1992.8921,354.72,8.868,6
1992,11,29,1992.9112,354.84,8.871,7
1992,12,6,1992.9303,355.28,8.882,7
1992,12,13,1992.9495,355.44,8.886,7
1992,12,20,1992.9686,355.99,8.89975,7
1992,12,27,1992.9877,356.28,8.907,7
1993,1,3,1993.0068,356.93,8.92325,5
1993,1,10,1993.026,357.22,8.9305,7
1993,1,17,1993.0452,356.85,8.92125,7
1993,1,24,1993.0644,357.05,8.92625,6
1993,1,31,1993.0836,357.28,8.932,7
1993,2,7,1993.1027,356.99,8.92475,7
1993,2,14,1993.1219,357.16,8.929,7
1993,2,21,1993.1411,357.79,8.94475,7
1993,2,28,1993.1603,358.57,8.96425,6
1993,3,7,1993.1795,358.32,8.958,7
1993,3,14,1993.1986,358.67,8.96675,7
1993,3,21,1993.2178,357.84,8.946,7
1993,3,28,1993.237,359.19,8.97975,7
1993,4,4,1993.2562,358.83,8.97075,6
1993,4,11,1993.2753,359.1,8.9775,5
1993,4,18,1993.2945,359.63,8.99075,5
1993,4,25,1993.3137,359.75,8.99375,7
1993,5,2,1993.3329,359.47,8.98675,7
1993,5,9,1993.3521,360.12,9.003,7
1993,5,16,1993.3712,360.55,9.01375,6
1993,5,23,1993.3904,360.75,9.01875,7
1993,5,30,1993.4096,359.99,8.99975,7
1993,6,6,1993.4288,359.77,8.99425,7
1993,6,13,1993.4479,359.65,8.99125,6
1993,6,20,1993.4671,359.18,8.9795,6
1993,6,27,1993.4863,358.69,8.96725,7
1993,7,4,1993.5055,357.72,8.943,7
1993,7,11,1993.5247,357.72,8.943,4
1993,7,18,1993.5438,357.1,8.9275,5
1993,7,25,1993.563,356.53,8.91325,6
1993,8,1,1993.5822,356.43,8.91075,7
1993,8,8,1993.6014,355.77,8.89425,6
1993,8,15,1993.6205,355.41,8.88525,5
1993,8,22,1993.6397,354.83,8.87075,6
1993,8,29,1993.6589,354.8,8.87,5
1993,9,5,1993.6781,354.18,8.8545,5
1993,9,12,1993.6973,353.84,8.846,5
1993,9,19,1993.7164,353.99,8.84975,7
1993,9,26,1993.7356,354.16,8.854,5
1993,10,3,1993.7548,354.06,8.8515,5
1993,10,10,1993.774,353.88,8.847,7
1993,10,17,1993.7932,354.36,8.859,7
1993,10,24,1993.8123,354.34,8.8585,7
1993,10,31,1993.8315,354.63,8.86575,7
1993,11,7,1993.8507,355.01,8.87525,7
1993,11,14,1993.8699,355.61,8.89025,6
1993,11,21,1993.889,355.99,8.89975,7
1993,11,28,1993.9082,356.14,8.9035,7
1993,12,5,1993.9274,356.52,8.913,7
1993,12,12,1993.9466,356.64,8.916,6
1993,12,19,1993.9658,357.53,8.93825,7
1993,12,26,1993.9849,357.48,8.937,7
1994,1,2,1994.0041,358.11,8.95275,7
1994,1,9,1994.0233,358.12,8.953,7
1994,1,16,1994.0425,358.4,8.96,7
1994,1,23,1994.0616,358.24,8.956,5
1994,1,30,1994.0808,358.28,8.957,4
1994,2,6,1994.1,358.92,8.973,5
1994,2,13,1994.1192,358.64,8.966,7
1994,2,20,1994.1384,359.39,8.98475,7
1994,2,27,1994.1575,358.88,8.972,7
1994,3,6,1994.1767,359.35,8.98375,7
1994,3,13,1994.1959,360.46,9.0115,6
1994,3,20,1994.2151,360.6,9.015,6
1994,3,27,1994.2342,360.81,9.02025,7
1994,4,3,1994.2534,361.09,9.02725,5
1994,4,10,1994.2726,361.01,9.02525,7
1994,4,17,1994.2918,361.3,9.0325,7
1994,4,24,1994.311,361.81,9.04525,7
1994,5,1,1994.3301,361.98,9.0495,7
1994,5,8,1994.3493,361.38,9.0345,7
1994,5,15,1994.3685,361.7,9.0425,7
1994,5,22,1994.3877,361.51,9.03775,6
1994,5,29,1994.4068,361.41,9.03525,7
1994,6,5,1994.426,360.89,9.02225,7
1994,6,12,1994.4452,360.89,9.02225,6
1994,6,19,1994.4644,360.82,9.0205,5
1994,6,26,1994.4836,360.02,9.0005,7
1994,7,3,1994.5027,359.95,8.99875,7
1994,7,10,1994.5219,359.64,8.991,7
1994,7,17,1994.5411,359.21,8.98025,7
1994,7,24,1994.5603,358.83,8.97075,7
1994,7,31,1994.5795,358.45,8.96125,7
1994,8,7,1994.5986,357.88,8.947,4
1994,8,14,1994.6178,357.7,8.9425,6
1994,8,21,1994.637,356.87,8.92175,5
1994,8,28,1994.6562,356.19,8.90475,6
1994,9,4,1994.6753,356.48,8.912,5
1994,9,11,1994.6945,355.26,8.8815,6
1994,9,18,1994.7137,355.67,8.89175,5
1994,9,25,1994.7329,355.35,8.88375,6
1994,10,2,1994.7521,355.7,8.8925,7
1994,10,9,1994.7712,355.85,8.89625,7
1994,10,16,1994.7904,356.14,8.9035,7
1994,10,23,1994.8096,356.56,8.914,6
1994,10,30,1994.8288,356.68,8.917,5
1994,11,6,1994.8479,356.97,8.92425,5
1994,11,13,1994.8671,358.15,8.95375,7
1994,11,20,1994.8863,357.65,8.94125,7
1994,11,27,1994.9055,358.07,8.95175,7
1994,12,4,1994.9247,358.74,8.9685,7
1994,12,11,1994.9438,359.38,8.9845,7
1994,12,18,1994.963,358.82,8.9705,6
1994,12,25,1994.9822,359.34,8.9835,5
1995,1,1,1995.0014,359.7,8.9925,7
1995,1,8,1995.0205,359.54,8.9885,6
1995,1,15,1995.0397,360.37,9.00925,7
1995,1,22,1995.0589,360.03,9.00075,7
1995,1,29,1995.0781,360.14,9.0035,7
1995,2,5,1995.0973,360.76,9.019,7
1995,2,12,1995.1164,361.05,9.02625,7
1995,2,19,1995.1356,361.01,9.02525,7
1995,2,26,1995.1548,361.68,9.042,7
1995,3,5,1995.174,361.78,9.0445,7
1995,3,12,1995.1932,361.1,9.0275,7
1995,3,19,1995.2123,361.76,9.044,6
1995,3,26,1995.2315,362.84,9.071,6
1995,4,2,1995.2507,363.75,9.09375,7
1995,4,9,1995.2699,362.81,9.07025,7
1995,4,16,1995.289,363.01,9.07525,7
1995,4,23,1995.3082,363.51,9.08775,7
1995,4,30,1995.3274,362.83,9.07075,5
1995,5,7,1995.3466,363.85,9.09625,6
1995,5,14,1995.3658,364.4,9.11,7
1995,5,21,1995.3849,363.67,9.09175,7
1995,5,28,1995.4041,363.67,9.09175,6
1995,6,4,1995.4233,363.79,9.09475,7
1995,6,11,1995.4425,363.05,9.07625,7
1995,6,18,1995.4616,362.91,9.07275,6
1995,6,25,1995.4808,362.44,9.061,6
1995,7,2,1995.5,362.31,9.05775,4
1995,7,9,1995.5192,362.1,9.0525,7
1995,7,16,1995.5384,361.42,9.0355,7
1995,7,23,1995.5575,360.99,9.02475,7
1995,7,30,1995.5767,360.14,9.0035,6
1995,8,6,1995.5959,359.76,8.994,6
1995,8,13,1995.6151,358.76,8.969,4
1995,8,20,1995.6342,358.66,8.9665,6
1995,8,27,1995.6534,357.84,8.946,7
1995,9,3,1995.6726,358.31,8.95775,4
1995,9,10,1995.6918,358.58,8.9645,6
1995,9,17,1995.711,358.77,8.96925,5
1995,9,24,1995.7301,357.59,8.93975,7
1995,10,1,1995.7493,357.81,8.94525,6
1995,10,8,1995.7685,357.72,8.943,7
1995,10,15,1995.7877,357.99,8.94975,7
1995,10,22,1995.8068,358.23,8.95575,7
1995,10,29,1995.826,358.83,8.97075,6
1995,11,5,1995.8452,359.09,8.97725,5
1995,11,12,1995.8644,359.49,8.98725,6
1995,11,19,1995.8836,359.8,8.995,7
1995,11,26,1995.9027,359.82,8.9955,6
1995,12,3,1995.9219,360.21,9.00525,7
1995,12,10,1995.9411,360.55,9.01375,7
1995,12,17,1995.9603,360.62,9.0155,7
1995,12,24,1995.9795,361.4,9.035,7
1995,12,31,1995.9986,361.84,9.046,7
1996,1,7,1996.0178,362.19,9.05475,7
1996,1,14,1996.0369,361.91,9.04775,7
1996,1,21,1996.056,362.21,9.05525,5
1996,1,28,1996.0751,362.34,9.0585,6
1996,2,4,1996.0943,362.92,9.073,6
1996,2,11,1996.1134,363.03,9.07575,7
1996,2,18,1996.1325,363.57,9.08925,7
1996,2,25,1996.1516,363.93,9.09825,7
1996,3,3,1996.1708,364.09,9.10225,6
1996,3,10,1996.1899,363.69,9.09225,7
1996,3,17,1996.209,364.45,9.11125,5
1996,3,24,1996.2281,364.49,9.11225,7
1996,3,31,1996.2473,364.25,9.10625,5
1996,4,7,1996.2664,364.61,9.11525,7
1996,4,14,1996.2855,364.7,9.1175,7
1996,4,21,1996.3046,364.55,9.11375,7
1996,4,28,1996.3238,365.02,9.1255,7
1996,5,5,1996.3429,364.69,9.11725,7
1996,5,12,1996.362,365.47,9.13675,6
1996,5,19,1996.3811,365.28,9.132,7
1996,5,26,1996.4003,365.04,9.126,7
1996,6,2,1996.4194,364.97,9.12425,7
1996,6,9,1996.4385,365.28,9.132,7
1996,6,16,1996.4577,365.07,9.12675,7
1996,6,23,1996.4768,364.5,9.1125,7
1996,6,30,1996.4959,364.42,9.1105,7
1996,7,7,1996.515,363.82,9.0955,7
1996,7,14,1996.5342,363.5,9.0875,7
1996,7,21,1996.5533,363.12,9.078,7
1996,7,28,1996.5724,362.04,9.051,7
1996,8,4,1996.5915,362.03,9.05075,7
1996,8,11,1996.6107,361.79,9.04475,5
1996,8,18,1996.6298,361.01,9.02525,7
1996,8,25,1996.6489,360.86,9.0215,6
1996,9,1,1996.668,360.08,9.002,6
1996,9,8,1996.6872,359.94,8.9985,7
1996,9,15,1996.7063,359.01,8.97525,6
1996,9,22,1996.7254,359.22,8.9805,6
1996,9,29,1996.7445,359.29,8.98225,3
1996,10,6,1996.7637,359.44,8.986,7
1996,10,13,1996.7828,359.76,8.994,7
1996,10,20,1996.8019,359.52,8.988,7
1996,10,27,1996.821,359.98,8.9995,7
1996,11,3,1996.8402,360.27,9.00675,6
1996,11,10,1996.8593,360.85,9.02125,7
1996,11,17,1996.8784,361.37,9.03425,7
1996,11,24,1996.8975,361.25,9.03125,7
1996,12,1,1996.9167,361.63,9.04075,5
1996,12,8,1996.9358,362.23,9.05575,7
1996,12,15,1996.9549,362.48,9.062,7
1996,12,22,1996.974,362.32,9.058,7
1996,12,29,1996.9932,362.76,9.069,7
1997,1,5,1997.0123,362.96,9.074,7
1997,1,12,1997.0315,362.97,9.07425,7
1997,1,19,1997.0507,363.5,9.0875,7
1997,1,26,1997.0699,363.2,9.08,7
1997,2,2,1997.089,363.56,9.089,7
1997,2,9,1997.1082,364.29,9.10725,7
1997,2,16,1997.1274,363.64,9.091,7
1997,2,23,1997.1466,364.74,9.1185,6
1997,3,2,1997.1658,363.87,9.09675,7
1997,3,9,1997.1849,364.16,9.104,7
1997,3,16,1997.2041,364.63,9.11575,7
1997,3,23,1997.2233,365.19,9.12975,7
1997,3,30,1997.2425,365.74,9.1435,6
1997,4,6,1997.2616,365.96,9.149,3
1997,4,13,1997.2808,366.5,9.1625,7
1997,4,20,1997.3,366.7,9.1675,3
1997,4,27,1997.3192,366.61,9.16525,7
1997,5,4,1997.3384,366.48,9.162,7
1997,5,11,1997.3575,366.82,9.1705,7
1997,5,18,1997.3767,367.01,9.17525,7
1997,5,25,1997.3959,366.24,9.156,5
1997,6,1,1997.4151,366.07,9.15175,5
1997,6,8,1997.4342,365.76,9.144,6
1997,6,15,1997.4534,365.35,9.13375,7
1997,6,22,1997.4726,365.22,9.1305,7
1997,6,29,1997.4918,365.1,9.1275,7
1997,7,6,1997.511,364.78,9.1195,4
1997,7,13,1997.5301,364.47,9.11175,6
1997,7,20,1997.5493,363.6,9.09,6
1997,7,27,1997.5685,363.58,9.0895,5
1997,8,3,1997.5877,363.19,9.07975,6
1997,8,10,1997.6068,362.63,9.06575,6
1997,8,17,1997.626,361.19,9.02975,4
1997,8,24,1997.6452,361.54,9.0385,7
1997,8,31,1997.6644,361.44,9.036,5
1997,9,7,1997.6836,360.08,9.002,7
1997,9,14,1997.7027,360.33,9.00825,7
1997,9,21,1997.7219,359.88,8.997,5
1997,9,28,1997.7411,359.99,8.99975,5
1997,10,5,1997.7603,360.53,9.01325,5
1997,10,12,1997.7795,360.72,9.018,7
1997,10,19,1997.7986,361.02,9.0255,7
1997,10,26,1997.8178,361.3,9.0325,6
1997,11,2,1997.837,362.05,9.05125,7
1997,11,9,1997.8562,362.14,9.0535,7
1997,11,16,1997.8753,362.52,9.063,7
1997,11,23,1997.8945,363.27,9.08175,7
1997,11,30,1997.9137,363.95,9.09875,7
1997,12,7,1997.9329,364.04,9.101,7
1997,12,14,1997.9521,364.33,9.10825,6
1997,12,21,1997.9712,364.75,9.11875,7
1997,12,28,1997.9904,365.03,9.12575,7
1998,1,4,1998.0096,365.31,9.13275,7
1998,1,11,1998.0288,365.31,9.13275,7
1998,1,18,1998.0479,365.1,9.1275,6
1998,1,25,1998.0671,365.38,9.1345,7
1998,2,1,1998.0863,365.97,9.14925,7
1998,2,8,1998.1055,365.62,9.1405,7
1998,2,15,1998.1247,365.67,9.14175,7
1998,2,22,1998.1438,366.67,9.16675,7
1998,3,1,1998.163,367.1,9.1775,7
1998,3,8,1998.1822,366.66,9.1665,7
1998,3,15,1998.2014,366.83,9.17075,7
1998,3,22,1998.2205,367.77,9.19425,7
1998,3,29,1998.2397,368.81,9.22025,7
1998,4,5,1998.2589,368.34,9.2085,7
1998,4,12,1998.2781,368.47,9.21175,6
1998,4,19,1998.2973,368.35,9.20875,7
1998,4,26,1998.3164,369.55,9.23875,7
1998,5,3,1998.3356,369.72,9.243,7
1998,5,10,1998.3548,368.32,9.208,7
1998,5,17,1998.374,369.58,9.2395,6
1998,5,24,1998.3932,369.94,9.2485,7
1998,5,31,1998.4123,369.61,9.24025,6
1998,6,7,1998.4315,369.14,9.2285,7
1998,6,14,1998.4507,368.8,9.22,6
1998,6,21,1998.4699,368.75,9.21875,7
1998,6,28,1998.489,368.19,9.20475,6
1998,7,5,1998.5082,368.41,9.21025,5
1998,7,12,1998.5274,367.73,9.19325,5
1998,7,19,1998.5466,367.9,9.1975,6
1998,7,26,1998.5658,367.1,9.1775,5
1998,8,2,1998.5849,366.9,9.1725,7
1998,8,9,1998.6041,366.23,9.15575,7
1998,8,16,1998.6233,365.54,9.1385,7
1998,8,23,1998.6425,365.34,9.1335,7
1998,8,30,1998.6616,364.74,9.1185,6
1998,9,6,1998.6808,364.32,9.108,7
1998,9,13,1998.7,363.65,9.09125,6
1998,9,20,1998.7192,363.51,9.08775,7
1998,9,27,1998.7384,364.06,9.1015,6
1998,10,4,1998.7575,364.1,9.1025,7
1998,10,11,1998.7767,364.3,9.1075,7
1998,10,18,1998.7959,364.53,9.11325,6
1998,10,25,1998.8151,364.79,9.11975,7
1998,11,1,1998.8342,364.94,9.1235,7
1998,11,8,1998.8534,365.39,9.13475,5
1998,11,15,1998.8726,365.95,9.14875,3
1998,11,22,1998.8918,365.82,9.1455,6
1998,11,29,1998.911,366.59,9.16475,5
1998,12,6,1998.9301,366.8,9.17,5
1998,12,13,1998.9493,367.15,9.17875,6
1998,12,20,1998.9685,367.28,9.182,7
1998,12,27,1998.9877,367.63,9.19075,7
1999,1,3,1999.0068,367.8,9.195,7
1999,1,10,1999.026,368.1,9.2025,7
1999,1,17,1999.0452,367.82,9.1955,5
1999,1,24,1999.0644,369.08,9.227,6
1999,1,31,1999.0836,369.27,9.23175,5
1999,2,7,1999.1027,369.11,9.22775,7
1999,2,14,1999.1219,368.62,9.2155,4
1999,2,21,1999.1411,369.08,9.227,6
1999,2,28,1999.1603,368.03,9.20075,4
1999,3,7,1999.1795,369.24,9.231,7
1999,3,14,1999.1986,370.18,9.2545,5
1999,3,21,1999.2178,370.56,9.264,5
1999,3,28,1999.237,370.66,9.2665,7
1999,4,4,1999.2562,371.73,9.29325,6
1999,4,11,1999.2753,371.51,9.28775,7
1999,4,18,1999.2945,370.29,9.25725,7
1999,4,25,1999.3137,370.6,9.265,6
1999,5,2,1999.3329,371.52,9.288,6
1999,5,9,1999.3521,371.07,9.27675,7
1999,5,16,1999.3712,370.58,9.2645,5
1999,5,23,1999.3904,370.72,9.268,6
1999,5,30,1999.4096,370.71,9.26775,7
1999,6,6,1999.4288,370.39,9.25975,6
1999,6,13,1999.4479,370.41,9.26025,7
1999,6,20,1999.4671,369.89,9.24725,5
1999,6,27,1999.4863,369.78,9.2445,4
1999,7,4,1999.5055,370.05,9.25125,6
1999,7,11,1999.5247,370.13,9.25325,7
1999,7,18,1999.5438,369.09,9.22725,7
1999,7,25,1999.563,368.27,9.20675,6
1999,8,1,1999.5822,367.7,9.1925,5
1999,8,8,1999.6014,367.35,9.18375,6
1999,8,15,1999.6205,366.6,9.165,7
1999,8,22,1999.6397,366.27,9.15675,5
1999,8,29,1999.6589,365.18,9.1295,6
1999,9,5,1999.6781,364.36,9.109,6
1999,9,12,1999.6973,365.16,9.129,6
1999,9,19,1999.7164,365.05,9.12625,7
1999,9,26,1999.7356,364.67,9.11675,7
1999,10,3,1999.7548,365.15,9.12875,7
1999,10,10,1999.774,365.19,9.12975,7
1999,10,17,1999.7932,365.6,9.14,7
1999,10,24,1999.8123,365.65,9.14125,7
1999,10,31,1999.8315,365.98,9.1495,7
1999,11,7,1999.8507,366.65,9.16625,7
1999,11,14,1999.8699,366.76,9.169,5
1999,11,21,1999.889,367.08,9.177,7
1999,11,28,1999.9082,367.44,9.186,5
1999,12,5,1999.9274,367.87,9.19675,7
1999,12,12,1999.9466,367.89,9.19725,6
1999,12,19,1999.9658,368.27,9.20675,6
1999,12,26,1999.9849,368.73,9.21825,6
2000,1,2,2000.0041,368.74,9.2185,7
2000,1,9,2000.0232,368.87,9.22175,7
2000,1,16,2000.0423,370.03,9.25075,4
2000,1,23,2000.0615,370.08,9.252,5
2000,1,30,2000.0806,369.26,9.2315,5
2000,2,6,2000.0997,369.61,9.24025,3
2000,2,13,2000.1189,369.98,9.2495,4
2000,2,20,2000.138,369.36,9.234,6
2000,2,27,2000.1571,370.11,9.25275,7
2000,3,5,2000.1762,370.07,9.25175,7
2000,3,12,2000.1954,370.64,9.266,7
2000,3,19,2000.2145,370.93,9.27325,6
2000,3,26,2000.2336,371.13,9.27825,7
2000,4,2,2000.2527,371.06,9.2765,7
2000,4,9,2000.2719,372,9.3,6
2000,4,16,2000.291,372.33,9.30825,6
2000,4,23,2000.3101,371.92,9.298,6
2000,4,30,2000.3292,370.91,9.27275,7
2000,5,7,2000.3484,371.88,9.297,6
2000,5,14,2000.3675,371.5,9.2875,7
2000,5,21,2000.3866,372.08,9.302,7
2000,5,28,2000.4057,371.87,9.29675,5
2000,6,4,2000.4249,371.92,9.298,6
2000,6,11,2000.444,371.67,9.29175,7
2000,6,18,2000.4631,371.79,9.29475,6
2000,6,25,2000.4822,371.25,9.28125,7
2000,7,2,2000.5014,370.22,9.2555,6
2000,7,9,2000.5205,370.15,9.25375,7
2000,7,16,2000.5396,369.94,9.2485,5
2000,7,23,2000.5587,369.19,9.22975,4
2000,7,30,2000.5779,368.93,9.22325,7
2000,8,6,2000.597,368.48,9.212,7
2000,8,13,2000.6161,368.25,9.20625,7
2000,8,20,2000.6352,367.56,9.189,5
2000,8,27,2000.6544,367.56,9.189,5
2000,9,3,2000.6735,367.18,9.1795,6
2000,9,10,2000.6926,367.19,9.17975,6
2000,9,17,2000.7117,366.74,9.1685,7
2000,9,24,2000.7309,366.72,9.168,5
2000,10,1,2000.75,366.65,9.16625,7
2000,10,8,2000.7691,366.73,9.16825,7
2000,10,15,2000.7883,366.99,9.17475,6
2000,10,22,2000.8074,367.47,9.18675,7
2000,10,29,2000.8265,367.85,9.19625,7
2000,11,5,2000.8456,368.05,9.20125,5
2000,11,12,2000.8648,368.59,9.21475,7
2000,11,19,2000.8839,368.48,9.212,4
2000,11,26,2000.903,368.69,9.21725,6
2000,12,3,2000.9221,369.68,9.242,7
2000,12,10,2000.9413,369.66,9.2415,7
2000,12,17,2000.9604,369.64,9.241,7
2000,12,24,2000.9795,369.86,9.2465,7
2000,12,31,2000.9986,370.17,9.25425,7
2001,1,7,2001.0178,370.3,9.2575,7
2001,1,14,2001.037,370.67,9.26675,6
2001,1,21,2001.0562,370.52,9.263,7
2001,1,28,2001.0753,371.36,9.284,7
2001,2,4,2001.0945,371.58,9.2895,6
2001,2,11,2001.1137,371.96,9.299,6
2001,2,18,2001.1329,371.48,9.287,7
2001,2,25,2001.1521,371.73,9.29325,7
2001,3,4,2001.1712,372.19,9.30475,5
2001,3,11,2001.1904,372.53,9.31325,6
2001,3,18,2001.2096,372.54,9.3135,7
2001,3,25,2001.2288,372.4,9.31,5
2001,4,1,2001.2479,372.45,9.31125,7
2001,4,8,2001.2671,373.61,9.34025,7
2001,4,15,2001.2863,373.71,9.34275,7
2001,4,22,2001.3055,373.6,9.34,7
2001,4,29,2001.3247,373.55,9.33875,5
2001,5,6,2001.3438,373.93,9.34825,4
2001,5,13,2001.363,373.7,9.3425,4
2001,5,20,2001.3822,373.9,9.3475,7
2001,5,27,2001.4014,373.87,9.34675,7
2001,6,3,2001.4205,373.47,9.33675,5
2001,6,10,2001.4397,373.05,9.32625,5
2001,6,17,2001.4589,373.11,9.32775,7
2001,6,24,2001.4781,373.02,9.3255,7
2001,7,1,2001.4973,372.48,9.312,7
2001,7,8,2001.5164,371.34,9.2835,4
2001,7,15,2001.5356,371.3,9.2825,7
2001,7,22,2001.5548,370.87,9.27175,5
2001,7,29,2001.574,370.88,9.272,3
2001,8,5,2001.5932,369.92,9.248,7
2001,8,12,2001.6123,369.2,9.23,6
2001,8,19,2001.6315,369.32,9.233,7
2001,8,26,2001.6507,369.28,9.232,7
2001,9,2,2001.6699,368.33,9.20825,7
2001,9,9,2001.689,368.56,9.214,6
2001,9,16,2001.7082,368.05,9.20125,7
2001,9,23,2001.7274,367.81,9.19525,6
2001,9,30,2001.7466,368.04,9.201,7
2001,10,7,2001.7658,368.29,9.20725,7
2001,10,14,2001.7849,368.17,9.20425,7
2001,10,21,2001.8041,368.71,9.21775,7
2001,10,28,2001.8233,369.13,9.22825,7
2001,11,4,2001.8425,369.09,9.22725,6
2001,11,11,2001.8616,369.83,9.24575,3
2001,11,18,2001.8808,370.22,9.2555,6
2001,11,25,2001.9,370.44,9.261,7
2001,12,2,2001.9192,370.78,9.2695,7
2001,12,9,2001.9384,371.23,9.28075,6
2001,12,16,2001.9575,371.27,9.28175,7
2001,12,23,2001.9767,371.69,9.29225,6
2001,12,30,2001.9959,372.2,9.305,7
2002,1,6,2002.0151,372.2,9.305,7
2002,1,13,2002.0342,372.74,9.3185,7
2002,1,20,2002.0534,372.58,9.3145,7
2002,1,27,2002.0726,372.82,9.3205,4
2002,2,3,2002.0918,372.95,9.32375,7
2002,2,10,2002.111,373,9.325,7
2002,2,17,2002.1301,373.08,9.327,7
2002,2,24,2002.1493,373.74,9.3435,7
2002,3,3,2002.1685,373.88,9.347,6
2002,3,10,2002.1877,374.13,9.35325,7
2002,3,17,2002.2068,374.64,9.366,5
2002,3,24,2002.226,374.28,9.357,3
2002,3,31,2002.2452,374.26,9.3565,7
2002,4,7,2002.2644,374.53,9.36325,7
2002,4,14,2002.2836,375.23,9.38075,6
2002,4,21,2002.3027,375.41,9.38525,7
2002,4,28,2002.3219,376.05,9.40125,7
2002,5,5,2002.3411,375.6,9.39,6
2002,5,12,2002.3603,375.07,9.37675,6
2002,5,19,2002.3795,375.93,9.39825,7
2002,5,26,2002.3986,376.24,9.406,7
2002,6,2,2002.4178,375.9,9.3975,7
2002,6,9,2002.437,375.45,9.38625,7
2002,6,16,2002.4562,375.23,9.38075,5
2002,6,23,2002.4753,375.49,9.38725,7
2002,6,30,2002.4945,374.82,9.3705,7
2002,7,7,2002.5137,374.47,9.36175,7
2002,7,14,2002.5329,374.01,9.35025,5
2002,7,21,2002.5521,373.34,9.3335,5
2002,7,28,2002.5712,373.33,9.33325,6
2002,8,4,2002.5904,372.57,9.31425,6
2002,8,11,2002.6096,371.81,9.29525,6
2002,8,18,2002.6288,371.33,9.28325,7
2002,8,25,2002.6479,370.93,9.27325,6
2002,9,1,2002.6671,370.26,9.2565,5
2002,9,8,2002.6863,371.63,9.29075,5
2002,9,15,2002.7055,370.83,9.27075,6
2002,9,22,2002.7247,370.5,9.2625,5
2002,9,29,2002.7438,369.88,9.247,7
2002,10,6,2002.763,369.91,9.24775,7
2002,10,13,2002.7822,371.24,9.281,7
2002,10,20,2002.8014,370.68,9.267,7
2002,10,27,2002.8205,371.06,9.2765,7
2002,11,3,2002.8397,371.97,9.29925,7
2002,11,10,2002.8589,371.86,9.2965,7
2002,11,17,2002.8781,372.73,9.31825,7
2002,11,24,2002.8973,372.77,9.31925,6
2002,12,1,2002.9164,373.04,9.326,7
2002,12,8,2002.9356,373.59,9.33975,7
2002,12,15,2002.9548,373.57,9.33925,7
2002,12,22,2002.974,374.47,9.36175,7
2002,12,29,2002.9932,374.69,9.36725,7
2003,1,5,2003.0123,374.55,9.36375,7
2003,1,12,2003.0315,375.02,9.3755,7
2003,1,19,2003.0507,374.92,9.373,6
2003,1,26,2003.0699,375.3,9.3825,7
2003,2,2,2003.089,375.17,9.37925,7
2003,2,9,2003.1082,375.11,9.37775,7
2003,2,16,2003.1274,376.38,9.4095,7
2003,2,23,2003.1466,376.02,9.4005,6
2003,3,2,2003.1658,376.3,9.4075,7
2003,3,9,2003.1849,376.36,9.409,6
2003,3,16,2003.2041,375.96,9.399,5
2003,3,23,2003.2233,377,9.425,7
2003,3,30,2003.2425,376.85,9.42125,7
2003,4,6,2003.2616,377.13,9.42825,7
2003,4,13,2003.2808,377.79,9.44475,4
2003,4,20,2003.3,378.35,9.45875,7
2003,4,27,2003.3192,378.63,9.46575,7
2003,5,4,2003.3384,378.07,9.45175,6
2003,5,11,2003.3575,378.07,9.45175,7
2003,5,18,2003.3767,379.43,9.48575,7
2003,5,25,2003.3959,378.72,9.468,7
2003,6,1,2003.4151,378.42,9.4605,6
2003,6,8,2003.4342,378.49,9.46225,4
2003,6,15,2003.4534,378.12,9.453,7
2003,6,22,2003.4726,378.31,9.45775,6
2003,6,29,2003.4918,377.58,9.4395,6
2003,7,6,2003.511,376.57,9.41425,7
2003,7,13,2003.5301,377.23,9.43075,6
2003,7,20,2003.5493,376.39,9.40975,7
2003,7,27,2003.5685,375.91,9.39775,7
2003,8,3,2003.5877,374.94,9.3735,6
2003,8,10,2003.6068,374.67,9.36675,7
2003,8,17,2003.626,373.89,9.34725,6
2003,8,24,2003.6452,373.44,9.336,2
2003,8,31,2003.6644,373.21,9.33025,3
2003,9,7,2003.6836,373.12,9.328,7
2003,9,14,2003.7027,372.88,9.322,6
2003,9,21,2003.7219,373.35,9.33375,6
2003,9,28,2003.7411,373.28,9.332,7
2003,10,5,2003.7603,372.92,9.323,7
2003,10,12,2003.7795,372.79,9.31975,7
2003,10,19,2003.7986,373.43,9.33575,6
2003,10,26,2003.8178,373.4,9.335,6
2003,11,2,2003.837,373.96,9.349,4
2003,11,9,2003.8562,374.52,9.363,7
2003,11,16,2003.8753,374.89,9.37225,7
2003,11,23,2003.8945,375.27,9.38175,7
2003,11,30,2003.9137,375.32,9.383,7
2003,12,7,2003.9329,375.74,9.3935,7
2003,12,14,2003.9521,376.34,9.4085,7
2003,12,21,2003.9712,376.14,9.4035,4
2003,12,28,2003.9904,376.35,9.40875,6
2004,1,4,2004.0096,376.34,9.4085,7
2004,1,11,2004.0287,376.95,9.42375,7
2004,1,18,2004.0478,377.12,9.428,7
2004,1,25,2004.0669,377.95,9.44875,6
2004,2,1,2004.0861,377.87,9.44675,7
2004,2,8,2004.1052,378.43,9.46075,7
2004,2,15,2004.1243,377.49,9.43725,7
2004,2,22,2004.1434,377.62,9.4405,7
2004,2,29,2004.1626,378.29,9.45725,7
2004,3,7,2004.1817,378.96,9.474,5
2004,3,14,2004.2008,379.23,9.48075,6
2004,3,21,2004.2199,378.5,9.4625,7
2004,3,28,2004.2391,379.72,9.493,7
2004,4,4,2004.2582,380,9.5,5
2004,4,11,2004.2773,380.73,9.51825,7
2004,4,18,2004.2964,380.38,9.5095,5
2004,4,25,2004.3156,380.64,9.516,7
2004,5,2,2004.3347,380.72,9.518,6
2004,5,9,2004.3538,380.71,9.51775,7
2004,5,16,2004.373,380.25,9.50625,7
2004,5,23,2004.3921,381.07,9.52675,5
2004,5,30,2004.4112,379.94,9.4985,7
2004,6,6,2004.4303,380.09,9.50225,6
2004,6,13,2004.4495,380.16,9.504,3
2004,6,20,2004.4686,379.37,9.48425,5
2004,6,27,2004.4877,379.14,9.4785,5
2004,7,4,2004.5068,378.33,9.45825,4
2004,7,11,2004.526,377.89,9.44725,5
2004,7,18,2004.5451,376.74,9.4185,7
2004,7,25,2004.5642,376.42,9.4105,6
2004,8,1,2004.5833,376.76,9.419,4
2004,8,8,2004.6025,376.26,9.4065,6
2004,8,15,2004.6216,375.77,9.39425,4
2004,8,22,2004.6407,376.09,9.40225,2
2004,8,29,2004.6598,373.99,9.34975,1
2004,9,5,2004.679,374.44,9.361,6
2004,9,12,2004.6981,374.05,9.35125,4
2004,9,19,2004.7172,374.4,9.36,3
2004,9,26,2004.7363,374.31,9.35775,3
2004,10,3,2004.7555,373.98,9.3495,5
2004,10,10,2004.7746,374.22,9.3555,7
2004,10,17,2004.7937,374.57,9.36425,7
2004,10,24,2004.8128,374.96,9.374,7
2004,10,31,2004.832,375.31,9.38275,6
2004,11,7,2004.8511,375.44,9.386,7
2004,11,14,2004.8702,376.8,9.42,7
2004,11,21,2004.8893,376.73,9.41825,7
2004,11,28,2004.9085,376.82,9.4205,7
2004,12,5,2004.9276,377.54,9.4385,7
2004,12,12,2004.9467,377.24,9.431,7
2004,12,19,2004.9658,377.78,9.4445,7
2004,12,26,2004.985,377.83,9.44575,6
2005,1,2,2005.0041,378.21,9.45525,7
2005,1,9,2005.0233,378.44,9.461,7
2005,1,16,2005.0425,378.35,9.45875,7
2005,1,23,2005.0616,378.63,9.46575,7
2005,1,30,2005.0808,379.42,9.4855,6
2005,2,6,2005.1,379.23,9.48075,6
2005,2,13,2005.1192,379.92,9.498,5
2005,2,20,2005.1384,379.87,9.49675,7
2005,2,27,2005.1575,381.36,9.534,5
2005,3,6,2005.1767,380.06,9.5015,5
2005,3,13,2005.1959,381.28,9.532,7
2005,3,20,2005.2151,380.22,9.5055,7
2005,3,27,2005.2342,381.76,9.544,6
2005,4,3,2005.2534,382.3,9.5575,6
2005,4,10,2005.2726,382.1,9.5525,5
2005,4,17,2005.2918,382.18,9.5545,7
2005,4,24,2005.311,382.57,9.56425,6
2005,5,1,2005.3301,381.94,9.5485,7
2005,5,8,2005.3493,381.98,9.5495,7
2005,5,15,2005.3685,382.63,9.56575,7
2005,5,22,2005.3877,383.01,9.57525,7
2005,5,29,2005.4068,382.79,9.56975,7
2005,6,5,2005.426,382.63,9.56575,7
2005,6,12,2005.4452,382.41,9.56025,6
2005,6,19,2005.4644,381.95,9.54875,7
2005,6,26,2005.4836,381.36,9.534,6
2005,7,3,2005.5027,381.11,9.52775,6
2005,7,10,2005.5219,380.85,9.52125,6
2005,7,17,2005.5411,380.74,9.5185,7
2005,7,24,2005.5603,380.14,9.5035,7
2005,7,31,2005.5795,379.83,9.49575,6
2005,8,7,2005.5986,378.9,9.4725,6
2005,8,14,2005.6178,378.83,9.47075,7
2005,8,21,2005.637,378,9.45,6
2005,8,28,2005.6562,377.95,9.44875,4
2005,9,4,2005.6753,377.32,9.433,6
2005,9,11,2005.6945,376.16,9.404,6
2005,9,18,2005.7137,376.35,9.40875,6
2005,9,25,2005.7329,376.46,9.4115,7
2005,10,2,2005.7521,376.65,9.41625,7
2005,10,9,2005.7712,376.91,9.42275,4
2005,10,16,2005.7904,-999.99,-24.99975,0
2005,10,23,2005.8096,377.52,9.438,2
2005,10,30,2005.8288,377.8,9.445,3
2005,11,6,2005.8479,377.94,9.4485,7
2005,11,13,2005.8671,378.86,9.4715,5
2005,11,20,2005.8863,378.48,9.462,4
2005,11,27,2005.9055,379.02,9.4755,7
2005,12,4,2005.9247,379.93,9.49825,6
2005,12,11,2005.9438,380.18,9.5045,7
2005,12,18,2005.963,380.24,9.506,4
2005,12,25,2005.9822,380.49,9.51225,6
2006,1,1,2006.0014,381.26,9.5315,3
2006,1,8,2006.0205,381.2,9.53,7
2006,1,15,2006.0397,381.55,9.53875,4
2006,1,22,2006.0589,381.62,9.5405,7
2006,1,29,2006.0781,381.62,9.5405,6
2006,2,5,2006.0973,382.28,9.557,5
2006,2,12,2006.1164,382.59,9.56475,7
2006,2,19,2006.1356,381.94,9.5485,7
2006,2,26,2006.1548,382.14,9.5535,7
2006,3,5,2006.174,382.89,9.57225,6
2006,3,12,2006.1932,382.89,9.57225,7
2006,3,19,2006.2123,382.91,9.57275,7
2006,3,26,2006.2315,382.43,9.56075,6
2006,4,2,2006.2507,384.17,9.60425,4
2006,4,9,2006.2699,384.74,9.6185,6
2006,4,16,2006.289,384.86,9.6215,7
2006,4,23,2006.3082,384.76,9.619,7
2006,4,30,2006.3274,384.88,9.622,6
2006,5,7,2006.3466,385.03,9.62575,6
2006,5,14,2006.3658,385.32,9.633,5
2006,5,21,2006.3849,384.96,9.624,6
2006,5,28,2006.4041,384.66,9.6165,5
2006,6,4,2006.4233,384.18,9.6045,6
2006,6,11,2006.4425,384.28,9.607,7
2006,6,18,2006.4616,383.93,9.59825,6
2006,6,25,2006.4808,383.44,9.586,7
2006,7,2,2006.5,383.11,9.57775,6
2006,7,9,2006.5192,382.83,9.57075,5
2006,7,16,2006.5384,381.8,9.545,4
2006,7,23,2006.5575,382.11,9.55275,6
2006,7,30,2006.5767,381.51,9.53775,7
2006,8,6,2006.5959,380.59,9.51475,5
2006,8,13,2006.6151,380.4,9.51,6
2006,8,20,2006.6342,379.79,9.49475,6
2006,8,27,2006.6534,379.55,9.48875,6
2006,9,3,2006.6726,378.69,9.46725,6
2006,9,10,2006.6918,379.14,9.4785,6
2006,9,17,2006.711,378.66,9.4665,7
2006,9,24,2006.7301,378.87,9.47175,7
2006,10,1,2006.7493,378.92,9.473,5
2006,10,8,2006.7685,378.9,9.4725,7
2006,10,15,2006.7877,378.93,9.47325,4
2006,10,22,2006.8068,379.48,9.487,4
2006,10,29,2006.826,379.64,9.491,7
2006,11,5,2006.8452,379.76,9.494,7
2006,11,12,2006.8644,380,9.5,7
2006,11,19,2006.8836,380.38,9.5095,7
2006,11,26,2006.9027,381.24,9.531,6
2006,12,3,2006.9219,381.47,9.53675,7
2006,12,10,2006.9411,381.7,9.5425,7
2006,12,17,2006.9603,382.18,9.5545,5
2006,12,24,2006.9795,382,9.55,5
2006,12,31,2006.9986,382.08,9.552,7
2007,1,7,2007.0178,382.92,9.573,3
2007,1,14,2007.037,382.43,9.56075,5
2007,1,21,2007.0562,383.55,9.58875,6
2007,1,28,2007.0753,383.67,9.59175,7
2007,2,4,2007.0945,383.26,9.5815,7
2007,2,11,2007.1137,384.81,9.62025,4
2007,2,18,2007.1329,384.71,9.61775,3
2007,2,25,2007.1521,384,9.6,7
2007,3,4,2007.1712,383.41,9.58525,7
2007,3,11,2007.1904,384.33,9.60825,6
2007,3,18,2007.2096,385.08,9.627,5
2007,3,25,2007.2288,385.85,9.64625,5
2007,4,1,2007.2479,385.85,9.64625,6
2007,4,8,2007.2671,385.78,9.6445,6
2007,4,15,2007.2863,387.29,9.68225,7
2007,4,22,2007.3055,386.96,9.674,5
2007,4,29,2007.3247,386.6,9.665,7
2007,5,6,2007.3438,386.25,9.65625,7
2007,5,13,2007.363,386.65,9.66625,6
2007,5,20,2007.3822,386.51,9.66275,7
2007,5,27,2007.4014,386.91,9.67275,6
2007,6,3,2007.4205,386.9,9.6725,7
2007,6,10,2007.4397,386.43,9.66075,6
2007,6,17,2007.4589,385.7,9.6425,6
2007,6,24,2007.4781,385.04,9.626,5
2007,7,1,2007.4973,385.38,9.6345,7
2007,7,8,2007.5164,385.12,9.628,7
2007,7,15,2007.5356,384.08,9.602,6
2007,7,22,2007.5548,383.8,9.595,4
2007,7,29,2007.574,382.87,9.57175,7
2007,8,5,2007.5932,382.39,9.55975,3
2007,8,12,2007.6123,381.87,9.54675,7
2007,8,19,2007.6315,382.09,9.55225,4
2007,8,26,2007.6507,381.62,9.5405,4
2007,9,2,2007.6699,381.52,9.538,5
2007,9,9,2007.689,380.65,9.51625,5
2007,9,16,2007.7082,380.79,9.51975,3
2007,9,23,2007.7274,380.67,9.51675,7
2007,9,30,2007.7466,380.87,9.52175,7
2007,10,7,2007.7658,380.94,9.5235,6
2007,10,14,2007.7849,381.02,9.5255,6
2007,10,21,2007.8041,381.34,9.5335,7
2007,10,28,2007.8233,381.75,9.54375,7
2007,11,4,2007.8425,382.01,9.55025,7
2007,11,11,2007.8616,382.21,9.55525,7
2007,11,18,2007.8808,383.04,9.576,7
2007,11,25,2007.9,382.87,9.57175,6
2007,12,2,2007.9192,383.66,9.5915,4
2007,12,9,2007.9384,383.68,9.592,6
2007,12,16,2007.9575,384.38,9.6095,5
2007,12,23,2007.9767,383.88,9.597,4
2007,12,30,2007.9959,384.76,9.619,7
2008,1,6,2008.015,384.39,9.60975,7
2008,1,13,2008.0342,385.79,9.64475,7
2008,1,20,2008.0533,385.99,9.64975,7
2008,1,27,2008.0724,386.76,9.669,7
2008,2,3,2008.0915,386.01,9.65025,7
2008,2,10,2008.1107,385.95,9.64875,7
2008,2,17,2008.1298,385.3,9.6325,5
2008,2,24,2008.1489,385.36,9.634,6
2008,3,2,2008.168,385.81,9.64525,6
2008,3,9,2008.1872,385.72,9.643,7
2008,3,16,2008.2063,385.82,9.6455,7
2008,3,23,2008.2254,386.74,9.6685,7
2008,3,30,2008.2445,388.09,9.70225,7
2008,4,6,2008.2637,386.73,9.66825,6
2008,4,13,2008.2828,386.48,9.662,7
2008,4,20,2008.3019,387.33,9.68325,3
2008,4,27,2008.321,387.27,9.68175,6
2008,5,4,2008.3402,388.52,9.713,6
2008,5,11,2008.3593,388.87,9.72175,5
2008,5,18,2008.3784,388.89,9.72225,5
2008,5,25,2008.3975,388.59,9.71475,6
2008,6,1,2008.4167,388.54,9.7135,7
2008,6,8,2008.4358,387.47,9.68675,6
2008,6,15,2008.4549,387.88,9.697,6
2008,6,22,2008.474,387.34,9.6835,4
2008,6,29,2008.4932,-999.99,-24.99975,0
2008,7,6,2008.5123,-999.99,-24.99975,0
2008,7,13,2008.5314,-999.99,-24.99975,0
2008,7,20,2008.5505,386.37,9.65925,5
2008,7,27,2008.5697,384.9,9.6225,7
2008,8,3,2008.5888,385.23,9.63075,6
2008,8,10,2008.6079,383.93,9.59825,5
2008,8,17,2008.627,383.68,9.592,6
2008,8,24,2008.6462,383.3,9.5825,6
2008,8,31,2008.6653,383.51,9.58775,6
2008,9,7,2008.6844,383.03,9.57575,6
2008,9,14,2008.7036,383.37,9.58425,5
2008,9,21,2008.7227,383.06,9.5765,7
2008,9,28,2008.7418,382.75,9.56875,7
2008,10,5,2008.7609,382.87,9.57175,5
2008,10,12,2008.7801,382.85,9.57125,7
2008,10,19,2008.7992,383.07,9.57675,6
2008,10,26,2008.8183,383.99,9.59975,2
2008,11,2,2008.8374,383.79,9.59475,6
2008,11,9,2008.8566,384.11,9.60275,7
2008,11,16,2008.8757,384.34,9.6085,6
2008,11,23,2008.8948,384.49,9.61225,7
2008,11,30,2008.9139,385.05,9.62625,7
2008,12,7,2008.9331,385.29,9.63225,7
2008,12,14,2008.9522,385.54,9.6385,7
2008,12,21,2008.9713,385.93,9.64825,7
2008,12,28,2008.9904,386.23,9.65575,5
2009,1,4,2009.0096,386.4,9.66,7
2009,1,11,2009.0288,387.02,9.6755,7
2009,1,18,2009.0479,387.14,9.6785,7
2009,1,25,2009.0671,387.5,9.6875,6
2009,2,1,2009.0863,387.03,9.67575,6
2009,2,8,2009.1055,386.94,9.6735,6
2009,2,15,2009.1247,387.62,9.6905,7
2009,2,22,2009.1438,388.22,9.7055,7
2009,3,1,2009.163,389.08,9.727,6
2009,3,8,2009.1822,388.8,9.72,6
2009,3,15,2009.2014,388.2,9.705,7
2009,3,22,2009.2205,389.29,9.73225,6
2009,3,29,2009.2397,389.04,9.726,7
2009,4,5,2009.2589,389.43,9.73575,7
2009,4,12,2009.2781,388.93,9.72325,6
2009,4,19,2009.2973,389.56,9.739,7
2009,4,26,2009.3164,390.52,9.763,7
2009,5,3,2009.3356,389.76,9.744,6
2009,5,10,2009.3548,390.17,9.75425,7
2009,5,17,2009.374,390.38,9.7595,7
2009,5,24,2009.3932,390.41,9.76025,7
2009,5,31,2009.4123,389.85,9.74625,7
2009,6,7,2009.4315,390.2,9.755,7
2009,6,14,2009.4507,389.42,9.7355,7
2009,6,21,2009.4699,388.49,9.71225,6
2009,6,28,2009.489,388.69,9.71725,6
2009,7,5,2009.5082,388.48,9.712,5
2009,7,12,2009.5274,388.36,9.709,4
2009,7,19,2009.5466,387.68,9.692,6
2009,7,26,2009.5658,387.37,9.68425,5
2009,8,2,2009.5849,387.06,9.6765,7
2009,8,9,2009.6041,386.01,9.65025,5
2009,8,16,2009.6233,385.7,9.6425,7
2009,8,23,2009.6425,385.86,9.6465,5
2009,8,30,2009.6616,385.15,9.62875,7
2009,9,6,2009.6808,384.69,9.61725,6
2009,9,13,2009.7,384.76,9.619,6
2009,9,20,2009.7192,384.62,9.6155,7
2009,9,27,2009.7384,384.03,9.60075,7
2009,10,4,2009.7575,383.88,9.597,6
2009,10,11,2009.7767,384.38,9.6095,7
2009,10,18,2009.7959,384.71,9.61775,7
2009,10,25,2009.8151,385.01,9.62525,7
2009,11,1,2009.8342,385.36,9.634,7
2009,11,8,2009.8534,385.69,9.64225,7
2009,11,15,2009.8726,386.34,9.6585,7
2009,11,22,2009.8918,386.38,9.6595,7
2009,11,29,2009.911,387.07,9.67675,7
2009,12,6,2009.9301,386.97,9.67425,6
2009,12,13,2009.9493,386.87,9.67175,1
2009,12,20,2009.9685,388.4,9.71,3
2009,12,27,2009.9877,388.6,9.715,7
2010,1,3,2010.0068,388.17,9.70425,7
2010,1,10,2010.026,388.33,9.70825,6
2010,1,17,2010.0452,388.33,9.70825,7
2010,1,24,2010.0644,389.01,9.72525,7
2010,1,31,2010.0836,390.71,9.76775,5
2010,2,7,2010.1027,390.35,9.75875,6
2010,2,14,2010.1219,390.22,9.7555,6
2010,2,21,2010.1411,389.57,9.73925,3
2010,2,28,2010.1603,390.93,9.77325,6
2010,3,7,2010.1795,391.38,9.7845,6
2010,3,14,2010.1986,391.17,9.77925,4
2010,3,21,2010.2178,390.29,9.75725,6
2010,3,28,2010.237,391.77,9.79425,7
2010,4,4,2010.2562,391.19,9.77975,6
2010,4,11,2010.2753,392.71,9.81775,5
2010,4,18,2010.2945,393.3,9.8325,7
2010,4,25,2010.3137,393.2,9.83,6
2010,5,2,2010.3329,393.01,9.82525,5
2010,5,9,2010.3521,392.6,9.815,7
2010,5,16,2010.3712,393.42,9.8355,7
2010,5,23,2010.3904,392.71,9.81775,6
2010,5,30,2010.4096,393.3,9.8325,7
2010,6,6,2010.4288,392.75,9.81875,7
2010,6,13,2010.4479,391.85,9.79625,6
2010,6,20,2010.4671,391.64,9.791,6
2010,6,27,2010.4863,391.15,9.77875,7
2010,7,4,2010.5055,390.55,9.76375,7
2010,7,11,2010.5247,389.85,9.74625,7
2010,7,18,2010.5438,390.26,9.7565,5
2010,7,25,2010.563,389.82,9.7455,7
2010,8,1,2010.5822,388.86,9.7215,6
2010,8,8,2010.6014,388.82,9.7205,7
2010,8,15,2010.6205,388.47,9.71175,5
2010,8,22,2010.6397,387.62,9.6905,5
2010,8,29,2010.6589,387.53,9.68825,7
2010,9,5,2010.6781,386.14,9.6535,6
2010,9,12,2010.6973,387.06,9.6765,7
2010,9,19,2010.7164,386.78,9.6695,7
2010,9,26,2010.7356,386.78,9.6695,7
2010,10,3,2010.7548,386.95,9.67375,7
2010,10,10,2010.774,386.84,9.671,7
2010,10,17,2010.7932,387.43,9.68575,7
2010,10,24,2010.8123,387.83,9.69575,7
2010,10,31,2010.8315,388.05,9.70125,7
2010,11,7,2010.8507,387.96,9.699,6
2010,11,14,2010.8699,388.63,9.71575,7
2010,11,21,2010.889,389.49,9.73725,7
2010,11,28,2010.9082,389.66,9.7415,6
2010,12,5,2010.9274,389.78,9.7445,6
2010,12,12,2010.9466,389.44,9.736,7
2010,12,19,2010.9658,390.15,9.75375,7
2010,12,26,2010.9849,389.94,9.7485,6
2011,1,2,2011.0041,391.64,9.791,7
2011,1,9,2011.0233,390.76,9.769,6
2011,1,16,2011.0425,391.52,9.788,6
2011,1,23,2011.0616,391.37,9.78425,7
2011,1,30,2011.0808,392.07,9.80175,7
2011,2,6,2011.1,391.44,9.786,7
2011,2,13,2011.1192,391.65,9.79125,7
2011,2,20,2011.1384,392.05,9.80125,7
2011,2,27,2011.1575,392.06,9.8015,7
2011,3,6,2011.1767,391.88,9.797,7
2011,3,13,2011.1959,392.49,9.81225,7
2011,3,20,2011.2151,392.89,9.82225,6
2011,3,27,2011.2342,394,9.85,6
2011,4,3,2011.2534,393,9.825,7
2011,4,10,2011.2726,393.08,9.827,7
2011,4,17,2011.2918,393.55,9.83875,6
2011,4,24,2011.311,393.31,9.83275,6
2011,5,1,2011.3301,394.14,9.8535,6
2011,5,8,2011.3493,392.89,9.82225,7
2011,5,15,2011.3685,394.91,9.87275,7
2011,5,22,2011.3877,394.85,9.87125,7
2011,5,29,2011.4068,394.19,9.85475,7
2011,6,5,2011.426,393.49,9.83725,5
2011,6,12,2011.4452,393.79,9.84475,7
2011,6,19,2011.4644,393.54,9.8385,7
2011,6,26,2011.4836,393.45,9.83625,7
2011,7,3,2011.5027,393.5,9.8375,7
2011,7,10,2011.5219,393.29,9.83225,4
2011,7,17,2011.5411,391.32,9.783,6
2011,7,24,2011.5603,391.98,9.7995,6
2011,7,31,2011.5795,391.19,9.77975,7
2011,8,7,2011.5986,390.6,9.765,5
2011,8,14,2011.6178,390.14,9.7535,7
2011,8,21,2011.637,389.39,9.73475,7
2011,8,28,2011.6562,389.52,9.738,5
2011,9,4,2011.6753,389.04,9.726,4
2011,9,11,2011.6945,389.14,9.7285,6
2011,9,18,2011.7137,389.08,9.727,7
2011,9,25,2011.7329,388.67,9.71675,7
2011,10,2,2011.7521,388.77,9.71925,7
2011,10,9,2011.7712,388.8,9.72,7
2011,10,16,2011.7904,389.03,9.72575,7
2011,10,23,2011.8096,389.24,9.731,7
2011,10,30,2011.8288,389.61,9.74025,7
2011,11,6,2011.8479,389.76,9.744,6
2011,11,13,2011.8671,390.44,9.761,6
2011,11,20,2011.8863,390.51,9.76275,7
2011,11,27,2011.9055,391.15,9.77875,7
2011,12,4,2011.9247,391.36,9.784,7
2011,12,11,2011.9438,392.01,9.80025,6
2011,12,18,2011.963,392.35,9.80875,5
2011,12,25,2011.9822,392.2,9.805,7
2012,1,1,2012.0014,392.96,9.824,7
2012,1,8,2012.0205,393.37,9.83425,6
2012,1,15,2012.0396,392.97,9.82425,7
2012,1,22,2012.0587,393.34,9.8335,7
2012,1,29,2012.0779,393.24,9.831,6
2012,2,5,2012.097,393.71,9.84275,7
2012,2,12,2012.1161,393.49,9.83725,7
2012,2,19,2012.1352,394.44,9.861,5
2012,2,26,2012.1544,394.26,9.8565,7
2012,3,4,2012.1735,393.55,9.83875,7
2012,3,11,2012.1926,394.27,9.85675,7
2012,3,18,2012.2117,394.79,9.86975,7
2012,3,25,2012.2309,395.12,9.878,6
2012,4,1,2012.25,395.32,9.883,7
2012,4,8,2012.2691,396.62,9.9155,6
2012,4,15,2012.2883,396.16,9.904,7
2012,4,22,2012.3074,396.61,9.91525,7
2012,4,29,2012.3265,396.92,9.923,7
2012,5,6,2012.3456,397.12,9.928,7
2012,5,13,2012.3648,396.99,9.92475,7
2012,5,20,2012.3839,396.12,9.903,7
2012,5,27,2012.403,396.3,9.9075,6
2012,6,3,2012.4221,395.73,9.89325,7
2012,6,10,2012.4413,396.24,9.906,6
2012,6,17,2012.4604,395.57,9.88925,7
2012,6,24,2012.4795,395.25,9.88125,6
2012,7,1,2012.4986,394.96,9.874,6
2012,7,8,2012.5178,394.36,9.859,6
2012,7,15,2012.5369,394.47,9.86175,7
2012,7,22,2012.556,394.08,9.852,4
2012,7,29,2012.5751,393.43,9.83575,7
2012,8,5,2012.5943,393.24,9.831,6
2012,8,12,2012.6134,392.49,9.81225,7
2012,8,19,2012.6325,391.36,9.784,7
2012,8,26,2012.6516,391.79,9.79475,7
2012,9,2,2012.6708,391.86,9.7965,6
2012,9,9,2012.6899,390.91,9.77275,6
2012,9,16,2012.709,390.79,9.76975,7
2012,9,23,2012.7281,390.89,9.77225,6
2012,9,30,2012.7473,390.81,9.77025,7
2012,10,7,2012.7664,390.96,9.774,6
2012,10,14,2012.7855,390.89,9.77225,6
2012,10,21,2012.8046,391.33,9.78325,6
2012,10,28,2012.8238,391.56,9.789,6
2012,11,4,2012.8429,392.29,9.80725,7
2012,11,11,2012.862,393.26,9.8315,7
2012,11,18,2012.8811,393.16,9.829,7
2012,11,25,2012.9003,393.71,9.84275,7
2012,12,2,2012.9194,393.64,9.841,6
2012,12,9,2012.9385,394.4,9.86,7
2012,12,16,2012.9577,394.53,9.86325,7
2012,12,23,2012.9768,394.84,9.871,6
2012,12,30,2012.9959,394.5,9.8625,6
2013,1,6,2013.0151,395.34,9.8835,6
2013,1,13,2013.0342,395.98,9.8995,6
2013,1,20,2013.0534,395.78,9.8945,7
2013,1,27,2013.0726,395.77,9.89425,7
2013,2,3,2013.0918,396.63,9.91575,6
2013,2,10,2013.111,396.97,9.92425,6
2013,2,17,2013.1301,397.15,9.92875,7
2013,2,24,2013.1493,396.73,9.91825,6
2013,3,3,2013.1685,397.65,9.94125,6
2013,3,10,2013.1877,396.94,9.9235,7
2013,3,17,2013.2068,397.36,9.934,7
2013,3,24,2013.226,397.96,9.949,7
2013,3,31,2013.2452,398.07,9.95175,6
2013,4,7,2013.2644,397.76,9.944,7
2013,4,14,2013.2836,397.96,9.949,2
2013,4,21,2013.3027,399.2,9.98,6
2013,4,28,2013.3219,399.53,9.98825,6
2013,5,5,2013.3411,399.52,9.988,6
2013,5,12,2013.3603,399.74,9.9935,5
2013,5,19,2013.3795,399.93,9.99825,7
2013,5,26,2013.3986,399.88,9.997,7
2013,6,2,2013.4178,399.18,9.9795,7
2013,6,9,2013.437,398.61,9.96525,6
2013,6,16,2013.4562,398.14,9.9535,7
2013,6,23,2013.4753,398.64,9.966,4
2013,6,30,2013.4945,398.24,9.956,5
2013,7,7,2013.5137,397.74,9.9435,4
2013,7,14,2013.5329,397.08,9.927,4
2013,7,21,2013.5521,396.82,9.9205,6
2013,7,28,2013.5712,396.68,9.917,6
2013,8,4,2013.5904,395.67,9.89175,6
2013,8,11,2013.6096,395.13,9.87825,6
2013,8,18,2013.6288,395.15,9.87875,5
2013,8,25,2013.6479,394.22,9.8555,7
2013,9,1,2013.6671,393.85,9.84625,7
2013,9,8,2013.6863,393.35,9.83375,6
2013,9,15,2013.7055,393.3,9.8325,6
2013,9,22,2013.7247,393.38,9.8345,6
2013,9,29,2013.7438,393.31,9.83275,7
2013,10,6,2013.763,393.34,9.8335,7
2013,10,13,2013.7822,393.68,9.842,4
2013,10,20,2013.8014,393.98,9.8495,7
2013,10,27,2013.8205,394.24,9.856,7
2013,11,3,2013.8397,394.46,9.8615,7
2013,11,10,2013.8589,395.53,9.88825,7
2013,11,17,2013.8781,394.87,9.87175,7
2013,11,24,2013.8973,396,9.9,7
2013,12,1,2013.9164,396.26,9.9065,7
2013,12,8,2013.9356,396.14,9.9035,7
2013,12,15,2013.9548,397.43,9.93575,6
2013,12,22,2013.974,397.27,9.93175,7
2013,12,29,2013.9932,397.41,9.93525,7
2014,1,5,2014.0123,398.23,9.95575,7
2014,1,12,2014.0315,397.75,9.94375,7
2014,1,19,2014.0507,397.97,9.94925,7
2014,1,26,2014.0699,397.83,9.94575,7
2014,2,2,2014.089,397.97,9.94925,7
2014,2,9,2014.1082,397.87,9.94675,7
2014,2,16,2014.1274,398.09,9.95225,6
2014,2,23,2014.1466,397.97,9.94925,6
2014,3,2,2014.1658,398.43,9.96075,5
2014,3,9,2014.1849,399.88,9.997,6
2014,3,16,2014.2041,401.18,10.0295,3
2014,3,23,2014.2233,400.1,10.0025,5
2014,3,30,2014.2425,400.61,10.01525,7
2014,4,6,2014.2616,401.11,10.02775,7
2014,4,13,2014.2808,401.54,10.0385,5
2014,4,20,2014.3,401.59,10.03975,7
2014,4,27,2014.3192,401.74,10.0435,6
2014,5,4,2014.3384,401.72,10.043,3
2014,5,11,2014.3575,401.73,10.04325,2
2014,5,18,2014.3767,401.75,10.04375,7
2014,5,25,2014.3959,401.82,10.0455,7
2014,6,1,2014.4151,401.81,10.04525,7
2014,6,8,2014.4342,401.51,10.03775,6
2014,6,15,2014.4534,401.03,10.02575,7
2014,6,22,2014.4726,400.94,10.0235,6
2014,6,29,2014.4918,400.22,10.0055,7
2014,7,6,2014.511,399.84,9.996,7
2014,7,13,2014.5301,398.82,9.9705,5
2014,7,20,2014.5493,398.81,9.97025,5
2014,7,27,2014.5685,397.42,9.9355,5
2014,8,3,2014.5877,397.78,9.9445,4
2014,8,10,2014.6068,397.23,9.93075,5
2014,8,17,2014.626,396.77,9.91925,4
2014,8,24,2014.6452,396.31,9.90775,5
2014,8,31,2014.6644,396.35,9.90875,4
2014,9,7,2014.6836,395.03,9.87575,6
2014,9,14,2014.7027,395.07,9.87675,3
2014,9,21,2014.7219,395.45,9.88625,6
2014,9,28,2014.7411,395.33,9.88325,6
2014,10,5,2014.7603,395.56,9.889,7
2014,10,12,2014.7795,395.65,9.89125,5
2014,10,19,2014.7986,395.87,9.89675,5
2014,10,26,2014.8178,397.52,9.938,6
2014,11,2,2014.837,396.78,9.9195,7
2014,11,9,2014.8562,397.22,9.9305,6
2014,11,16,2014.8753,397.32,9.933,7
2014,11,23,2014.8945,397.89,9.94725,5
2014,11,30,2014.9137,398.2,9.955,7
2014,12,7,2014.9329,399.12,9.978,5
2014,12,14,2014.9521,399.1,9.9775,7
2014,12,21,2014.9712,398.92,9.973,7
2014,12,28,2014.9904,399.84,9.996,7
2015,1,4,2015.0096,399.85,9.99625,7
2015,1,11,2015.0288,400.16,10.004,6
2015,1,18,2015.0479,399.51,9.98775,7
2015,1,25,2015.0671,400.2,10.005,7
2015,2,1,2015.0863,400.17,10.00425,6
2015,2,8,2015.1055,399.95,9.99875,7
2015,2,15,2015.1247,399.92,9.998,7
2015,2,22,2015.1438,401.34,10.0335,7
2015,3,1,2015.163,401.28,10.032,4
2015,3,8,2015.1822,401.87,10.04675,7
2015,3,15,2015.2014,400.77,10.01925,6
2015,3,22,2015.2205,401.77,10.04425,7
2015,3,29,2015.2397,401.81,10.04525,5
2015,4,5,2015.2589,403.2,10.08,4
2015,4,12,2015.2781,404.04,10.101,6
2015,4,19,2015.2973,403.07,10.07675,7
2015,4,26,2015.3164,403.8,10.095,7
2015,5,3,2015.3356,404.13,10.10325,6
2015,5,10,2015.3548,403.97,10.09925,7
2015,5,17,2015.374,403.97,10.09925,7
2015,5,24,2015.3932,403.82,10.0955,7
2015,5,31,2015.4123,403.2,10.08,6
2015,6,7,2015.4315,403.24,10.081,7
2015,6,14,2015.4507,402.39,10.05975,7
2015,6,21,2015.4699,402.71,10.06775,7
2015,6,28,2015.489,402.15,10.05375,7
2015,7,5,2015.5082,401.73,10.04325,6
2015,7,12,2015.5274,401.39,10.03475,5
2015,7,19,2015.5466,401.25,10.03125,3
2015,7,26,2015.5658,400.2,10.005,7
2015,8,2,2015.5849,398.36,9.959,6
2015,8,9,2015.6041,399.19,9.97975,6
2015,8,16,2015.6233,399.14,9.9785,6
2015,8,23,2015.6425,398.85,9.97125,7
2015,8,30,2015.6616,398.49,9.96225,7
2015,9,6,2015.6808,397.77,9.94425,6
2015,9,13,2015.7,397.24,9.931,4
2015,9,20,2015.7192,397.33,9.93325,7
2015,9,27,2015.7384,397.22,9.9305,5
2015,10,4,2015.7575,398.37,9.95925,7
2015,10,11,2015.7767,398.18,9.9545,6
2015,10,18,2015.7959,398.52,9.963,6
2015,10,25,2015.8151,398.48,9.962,7
2015,11,1,2015.8342,399.06,9.9765,6
2015,11,8,2015.8534,400.44,10.011,6
2015,11,15,2015.8726,400.34,10.0085,6
2015,11,22,2015.8918,400.37,10.00925,7
2015,11,29,2015.911,400.8,10.02,7
2015,12,6,2015.9301,401.31,10.03275,6
2015,12,13,2015.9493,402.34,10.0585,7
2015,12,20,2015.9685,402.6,10.065,7
2015,12,27,2015.9877,402.08,10.052,7
2016,1,3,2016.0068,402.15,10.05375,5
2016,1,10,2016.026,402.48,10.062,5
2016,1,17,2016.0451,402.61,10.06525,7
2016,1,24,2016.0642,402.98,10.0745,6
2016,1,31,2016.0833,404.58,10.1145,5
2016,2,7,2016.1025,403.81,10.09525,5
2016,2,14,2016.1216,403.67,10.09175,7
2016,2,21,2016.1407,404.41,10.11025,7
2016,2,28,2016.1598,404.06,10.1015,7
2016,3,6,2016.179,404,10.1,6
2016,3,13,2016.1981,404.79,10.11975,7
2016,3,20,2016.2172,405.66,10.1415,5
2016,3,27,2016.2363,405.45,10.13625,7
2016,4,3,2016.2555,406.6,10.165,4
2016,4,10,2016.2746,408.72,10.218,6
2016,4,17,2016.2937,407.45,10.18625,7
2016,4,24,2016.3128,407.72,10.193,5
2016,5,1,2016.332,407.55,10.18875,7
2016,5,8,2016.3511,407.86,10.1965,7
2016,5,15,2016.3702,407.31,10.18275,7
2016,5,22,2016.3893,408.33,10.20825,6
2016,5,29,2016.4085,407.47,10.18675,5
2016,6,5,2016.4276,406.87,10.17175,7
2016,6,12,2016.4467,407.21,10.18025,6
2016,6,19,2016.4658,406.67,10.16675,6
2016,6,26,2016.485,405.99,10.14975,5
2016,7,3,2016.5041,405.57,10.13925,6
2016,7,10,2016.5232,404.5,10.1125,6
2016,7,17,2016.5423,403.41,10.08525,7
2016,7,24,2016.5615,403.85,10.09625,7
2016,7,31,2016.5806,403.49,10.08725,6
2016,8,7,2016.5997,402.9,10.0725,5
2016,8,14,2016.6189,401.87,10.04675,4
2016,8,21,2016.638,401.89,10.04725,7
2016,8,28,2016.6571,400.97,10.02425,5
2016,9,4,2016.6762,400.99,10.02475,6
2016,9,11,2016.6954,401.35,10.03375,5
2016,9,18,2016.7145,400.89,10.02225,7
2016,9,25,2016.7336,400.75,10.01875,5
2016,10,2,2016.7527,400.94,10.0235,7
2016,10,9,2016.7719,401.59,10.03975,6
2016,10,16,2016.791,401.67,10.04175,7
2016,10,23,2016.8101,402.16,10.054,6
2016,10,30,2016.8292,402.8,10.07,7
2016,11,6,2016.8484,402.81,10.07025,6
2016,11,13,2016.8675,403.6,10.09,6
2016,11,20,2016.8866,404,10.1,7
2016,11,27,2016.9057,404.57,10.11425,5
2016,12,4,2016.9249,403.9,10.0975,7
2016,12,11,2016.944,404.83,10.12075,6
2016,12,18,2016.9631,404.43,10.11075,7
2016,12,25,2016.9822,404.77,10.11925,7
2017,1,1,2017.0014,405.95,10.14875,7
2017,1,8,2017.0205,406.02,10.1505,7
2017,1,15,2017.0397,406.22,10.1555,7
2017,1,22,2017.0589,406.52,10.163,4
2017,1,29,2017.0781,406.24,10.156,6
2017,2,5,2017.0973,406.07,10.15175,7
2017,2,12,2017.1164,405.95,10.14875,7
2017,2,19,2017.1356,406.98,10.1745,5
2017,2,26,2017.1548,407.41,10.18525,7
2017,3,5,2017.174,406.15,10.15375,2
2017,3,12,2017.1932,407.1,10.1775,5
2017,3,19,2017.2123,406.82,10.1705,6
2017,3,26,2017.2315,408.41,10.21025,7
2017,4,2,2017.2507,407.64,10.191,6
2017,4,9,2017.2699,408.84,10.221,6
2017,4,16,2017.289,409.65,10.24125,6
2017,4,23,2017.3082,409.97,10.24925,6
2017,4,30,2017.3274,409.2,10.23,5
2017,5,7,2017.3466,409.32,10.233,7
2017,5,14,2017.3658,410.4,10.26,5
2017,5,21,2017.3849,410,10.25,7
2017,5,28,2017.4041,409.57,10.23925,7
2017,6,4,2017.4233,409.69,10.24225,7
2017,6,11,2017.4425,409.43,10.23575,4
2017,6,18,2017.4616,408.32,10.208,6
2017,6,25,2017.4808,407.76,10.194,7
2017,7,2,2017.5,408.07,10.20175,5
2017,7,9,2017.5192,407.06,10.1765,7
2017,7,16,2017.5384,406.81,10.17025,7
2017,7,23,2017.5575,406.73,10.16825,6
2017,7,30,2017.5767,406.47,10.16175,6
2017,8,6,2017.5959,405.53,10.13825,7
2017,8,13,2017.6151,405.2,10.13,6
2017,8,20,2017.6342,404.54,10.1135,7
2017,8,27,2017.6534,404.2,10.105,7
2017,9,3,2017.6726,403.69,10.09225,6
2017,9,10,2017.6918,403.68,10.092,7
2017,9,17,2017.711,403.05,10.07625,5
2017,9,24,2017.7301,402.76,10.069,6
2017,10,1,2017.7493,402.95,10.07375,6
2017,10,8,2017.7685,403.41,10.08525,7
2017,10,15,2017.7877,403.95,10.09875,6
2017,10,22,2017.8068,404,10.1,6
2017,10,29,2017.826,404.15,10.10375,6
2017,11,5,2017.8452,404.25,10.10625,7
2017,11,12,2017.8644,405.07,10.12675,7
2017,11,19,2017.8836,406.12,10.153,5
2017,11,26,2017.9027,406.33,10.15825,5
2017,12,3,2017.9219,406.74,10.1685,7
2017,12,10,2017.9411,406.55,10.16375,7
2017,12,17,2017.9603,406.84,10.171,7
2017,12,24,2017.9795,407.21,10.18025,7
2017,12,31,2017.9986,407.37,10.18425,7
2018,1,7,2018.0178,408.14,10.2035,6
2018,1,14,2018.037,407.89,10.19725,7
2018,1,21,2018.0562,408.27,10.20675,6
2018,1,28,2018.0753,407.88,10.197,7
2018,2,4,2018.0945,408.2,10.205,7
2018,2,11,2018.1137,408.37,10.20925,7
2018,2,18,2018.1329,408.45,10.21125,7
2018,2,25,2018.1521,408.9,10.2225,7
2018,3,4,2018.1712,409.83,10.24575,7
2018,3,11,2018.1904,408.71,10.21775,6
2018,3,18,2018.2096,409.12,10.228,7
2018,3,25,2018.2288,410.02,10.2505,6
2018,4,1,2018.2479,409.19,10.22975,7
2018,4,8,2018.2671,409.45,10.23625,4
2018,4,15,2018.2863,411.05,10.27625,2
2018,4,22,2018.3055,411.68,10.292,6
2018,4,29,2018.3247,409.66,10.2415,5
2018,5,6,2018.3438,411.06,10.2765,4
2018,5,13,2018.363,411.87,10.29675,7
2018,5,20,2018.3822,411.45,10.28625,5
2018,5,27,2018.4014,411.41,10.28525,7
2018,6,3,2018.4205,410.94,10.2735,7
2018,6,10,2018.4397,411.16,10.279,7
2018,6,17,2018.4589,410.36,10.259,6
2018,6,24,2018.4781,410.56,10.264,7
2018,7,1,2018.4973,409.38,10.2345,5
2018,7,8,2018.5164,409.15,10.22875,6
2018,7,15,2018.5356,408.54,10.2135,7
2018,7,22,2018.5548,408.28,10.207,7
2018,7,29,2018.574,407.46,10.1865,6
2018,8,5,2018.5932,407.23,10.18075,7
2018,8,12,2018.6123,407.07,10.17675,7
2018,8,19,2018.6315,406.84,10.171,7
2018,8,26,2018.6507,406.11,10.15275,7
2018,9,2,2018.6699,405.49,10.13725,7
2018,9,9,2018.689,405.39,10.13475,7
2018,9,16,2018.7082,405.69,10.14225,7
2018,9,23,2018.7274,405.55,10.13875,6
2018,9,30,2018.7466,405.5,10.1375,7
2018,10,7,2018.7658,405.58,10.1395,7
2018,10,14,2018.7849,406.01,10.15025,6
2018,10,21,2018.8041,406.62,10.1655,7
2018,10,28,2018.8233,406.48,10.162,6
2018,11,4,2018.8425,406.99,10.17475,5
2018,11,11,2018.8616,408.73,10.21825,5
2018,11,18,2018.8808,408.59,10.21475,6
2018,11,25,2018.9,408.39,10.20975,7
2018,12,2,2018.9192,408.49,10.21225,6
2018,12,9,2018.9384,409.4,10.235,7
2018,12,16,2018.9575,409.31,10.23275,7
2018,12,23,2018.9767,409.14,10.2285,7
2018,12,30,2018.9959,409.6,10.24,7
2019,1,6,2019.0151,410.67,10.26675,6
2019,1,13,2019.0342,410.35,10.25875,4
2019,1,20,2019.0534,411.98,10.2995,6
2019,1,27,2019.0726,411.02,10.2755,7
2019,2,3,2019.0918,411.62,10.2905,7
2019,2,10,2019.111,412.4,10.31,6
2019,2,17,2019.1301,410.98,10.2745,7
2019,2,24,2019.1493,412.4,10.31,7
2019,3,3,2019.1685,412.16,10.304,7
2019,3,10,2019.1877,412.16,10.304,7
2019,3,17,2019.2068,411.82,10.2955,7
2019,3,24,2019.226,411.32,10.283,4
2019,3,31,2019.2452,412.19,10.30475,6
2019,4,7,2019.2644,413.14,10.3285,6
2019,4,14,2019.2836,413.6,10.34,7
2019,4,21,2019.3027,413.77,10.34425,6
2019,4,28,2019.3219,414.29,10.35725,6
2019,5,5,2019.3411,414.32,10.358,7
2019,5,12,2019.3603,415.4,10.385,6
2019,5,19,2019.3795,414.74,10.3685,6
2019,5,26,2019.3986,414.3,10.3575,7
2019,6,2,2019.4178,414.39,10.35975,6
2019,6,9,2019.437,414.08,10.352,6
2019,6,16,2019.4562,413.86,10.3465,7
2019,6,23,2019.4753,413.41,10.33525,6
2019,6,30,2019.4945,413.42,10.3355,7
2019,7,7,2019.5137,412.08,10.302,7
2019,7,14,2019.5329,412.14,10.3035,3
2019,7,21,2019.5521,410.84,10.271,5
2019,7,28,2019.5712,410.06,10.2515,7
2019,8,4,2019.5904,410.34,10.2585,7
2019,8,11,2019.6096,410.27,10.25675,7
2019,8,18,2019.6288,409.57,10.23925,6
2019,8,25,2019.6479,409.44,10.236,6
2019,9,1,2019.6671,408.81,10.22025,7
2019,9,8,2019.6863,408.59,10.21475,7
2019,9,15,2019.7055,408.5,10.2125,6
2019,9,22,2019.7247,408.32,10.208,7
2019,9,29,2019.7438,407.96,10.199,7
2019,10,6,2019.763,408.38,10.2095,7
2019,10,13,2019.7822,408.62,10.2155,7
2019,10,20,2019.8014,408.72,10.218,5
2019,10,27,2019.8205,409.29,10.23225,6
2019,11,3,2019.8397,409.9,10.2475,6
2019,11,10,2019.8589,410.19,10.25475,6
2019,11,17,2019.8781,410.19,10.25475,6
2019,11,24,2019.8973,410.72,10.268,7
2019,12,1,2019.9164,411.07,10.27675,7
2019,12,8,2019.9356,411.32,10.283,7
2019,12,15,2019.9548,411.89,10.29725,7
2019,12,22,2019.974,412.21,10.30525,7
2019,12,29,2019.9932,412.99,10.32475,6
2020,1,5,2020.0123,413.38,10.3345,7
2020,1,12,2020.0314,412.8,10.32,6
2020,1,19,2020.0505,413.66,10.3415,7
2020,1,26,2020.0697,414.03,10.35075,7
2020,2,2,2020.0888,414.3,10.3575,7
2020,2,9,2020.1079,414.4,10.36,6
2020,2,16,2020.127,414.06,10.3515,7
2020,2,23,2020.1462,413.72,10.343,7
2020,3,1,2020.1653,413.86,10.3465,7
2020,3,8,2020.1844,414.11,10.35275,6
2020,3,15,2020.2036,414.28,10.357,6
2020,3,22,2020.2227,415.55,10.38875,4
2020,3,29,2020.2418,415.75,10.39375,6
2020,4,5,2020.2609,416.45,10.41125,7
2020,4,12,2020.2801,416.27,10.40675,7
2020,4,19,2020.2992,415.88,10.397,6
2020,4,26,2020.3183,416.82,10.4205,7
2020,5,3,2020.3374,416.83,10.42075,6
2020,5,10,2020.3566,416.79,10.41975,6
2020,5,17,2020.3757,416.97,10.42425,5
2020,5,24,2020.3948,417.43,10.43575,7
2020,5,31,2020.4139,417.2,10.43,6
2020,6,7,2020.4331,416.34,10.4085,5
2020,6,14,2020.4522,416.27,10.40675,7
2020,6,21,2020.4713,416.05,10.40125,7
2020,6,28,2020.4904,415.43,10.38575,7
2020,7,5,2020.5096,415.24,10.381,7
2020,7,12,2020.5287,414.53,10.36325,7
2020,7,19,2020.5478,413.9,10.3475,7
2020,7,26,2020.5669,413.22,10.3305,7
2020,8,2,2020.5861,413.17,10.32925,4
2020,8,9,2020.6052,412.74,10.3185,6
2020,8,16,2020.6243,412.39,10.30975,5
2020,8,23,2020.6434,411.96,10.299,7
2020,8,30,2020.6626,411.59,10.28975,7
2020,9,6,2020.6817,411.37,10.28425,7
2020,9,13,2020.7008,411.47,10.28675,7
2020,9,20,2020.7199,411,10.275,6
2020,9,27,2020.7391,411.06,10.2765,7
2020,10,4,2020.7582,411.05,10.27625,7
2020,10,11,2020.7773,411.12,10.278,7
2020,10,18,2020.7964,411.52,10.288,6
2020,10,25,2020.8156,411.48,10.287,7
2020,11,1,2020.8347,411.76,10.294,6
2020,11,8,2020.8538,412.75,10.31875,7
2020,11,15,2020.873,412.53,10.31325,6
2020,11,22,2020.8921,413.84,10.346,6
2020,11,29,2020.9112,413.76,10.344,7
2020,12,6,2020.9303,413.39,10.33475,7
2020,12,13,2020.9495,413.92,10.348,7
2020,12,20,2020.9686,414.6,10.365,6
2020,12,27,2020.9877,415.09,10.37725,7
2021,1,3,2021.0068,415.25,10.38125,7
